EnrolledElectiveBefore,GradeAvgPrevElec,Grade,Major,Class,GradePerm,Course1,Course2,Course3,Course4,Course5
0,0,58.36,3,2,59.36,0,0,0,71.26,0
1,60.29,57.21,1,1,80.53,0,52.34,0,0,0
1,87.74,59.55,3,3,77.49,70.36,0,0,0,73.76
0,0,77.9,1,2,65.74,0,0,86.97,0,0
1,52.51,81.02,3,3,66.69,0,0,0,75.91,75.57
1,60.32,63.03,1,4,67.78,0,0,64.4,59.37,0
1,46.21,72.07,3,1,60.88,0,53.93,0,0,0
1,62.89,77.59,2,2,87.39,0,62.07,0,0,65.43
1,54.52,71.01,3,2,61.44,0,54.16,0,0,60.87
1,33.13,60.45,3,3,65.46,46.28,0,0,0,40.32
1,59.12,55.3,3,4,75.69,62,0,0,0,58.88
0,0,80.1,1,1,74.78,0,0,91.57,0,0
0,0,74.96,2,2,60.16,0,0,86.2,0,0
1,58.99,75.77,1,2,71.07,0,65.1,0,0,77.08
0,0,58.92,2,2,73.75,0,0,0,72.52,0
0,0,72.35,3,3,83.1,0,0,0,0,83.29
0,0,76.29,1,4,54.08,0,0,81.43,0,0
0,0,73.14,1,1,89.01,0,0,0,0,80.84
0,0,62.55,3,2,65.16,0,0,73.37,0,0
1,62.23,80.12,1,1,75.05,0,65.32,0,0,0
0,0,54.72,2,2,66.58,0,0,0,65.66,0
1,66.34,79.29,1,1,81.76,79.87,0,0,0,0
1,39.6,80.81,3,1,66.72,0,56.4,0,0,0
0,0,85.72,3,4,79.4,0,0,0,94.11,0
0,0,66.58,1,1,64.06,0,0,0,77.28,0
1,59.25,60.01,2,4,54.38,0,0,63.17,0,56.74
1,46.54,77.94,3,1,73.64,0,57.37,0,0,0
1,79.69,63.01,2,2,65.23,0,0,66.65,62.19,0
1,47.12,70.44,1,1,76.47,50.69,0,0,0,0
0,0,66.83,3,4,73.69,0,0,80.42,0,0
1,61.12,60.98,1,2,77.29,0,0,60.45,0,53.77
0,0,73.21,2,2,85.77,0,0,86.08,0,0
1,53.63,56.08,2,1,85.76,0,59.94,0,0,0
0,0,75.92,2,3,64.84,0,0,85.67,0,0
1,81.17,60.33,3,4,92.9,77.63,0,0,75.21,0
1,71.79,52.68,3,4,88.27,0,0,0,54.59,52.28
0,0,69.5,3,4,73.3,0,0,0,77.31,0
1,54.13,74.32,2,3,79.29,0,65.41,67.42,0,0
1,74.11,75.77,3,3,88.37,80.71,0,0,76.91,0
0,0,78.18,2,1,60.65,0,0,0,0,87.29
0,0,46.46,3,2,80.06,0,0,57.71,0,0
1,59.61,59.95,1,1,73.43,50.6,0,0,0,0
0,0,71.07,1,1,73.77,0,0,0,0,81.26
1,58.31,85.19,2,4,78.39,0,70.66,0,67.99,0
1,52.01,77.84,2,3,66.19,55.8,0,0,0,67.96
1,69.68,89.01,1,3,81.61,0,0,81.52,73.69,0
1,75.18,64.75,2,4,60.58,0,0,0,60.07,79.78
1,50.13,72.74,2,2,61.34,0,0,54.54,0,61.47
0,0,59,3,1,57.97,0,0,70.06,0,0
1,86.04,65.96,3,4,79.03,83.71,0,0,0,76.8
0,0,62.65,3,4,75.92,0,0,73.29,0,0
1,85.23,63.66,2,3,53.35,0,0,0,65.81,69.59
1,47.21,66.07,3,1,72.35,0,56.15,0,0,0
1,60.34,70.03,3,1,66.67,74.75,0,0,0,0
1,59.83,70.22,3,4,87.45,0,0,0,66.53,60.17
0,0,75.43,2,2,65.56,0,0,0,84.06,0
1,47.43,71.4,3,2,67.76,0,66.74,0,0,50.94
0,0,66.56,3,2,72.45,0,0,0,76.02,0
0,0,64.77,2,3,79.73,0,0,0,0,73.3
1,64.9,66.93,2,4,79.7,0,0,70.89,0,69.44
1,64.95,65.51,3,4,67.57,57.32,0,0,0,64.99
0,0,74.91,2,2,71.33,0,0,0,84.28,0
1,80.56,78.66,3,4,74.28,72.44,0,0,72.12,0
0,0,82.74,1,3,68.26,0,0,92.36,0,0
1,64.87,62.02,1,2,57.54,0,0,69.31,0,61.19
0,0,74.69,2,1,70.25,0,0,0,0,87.44
0,0,56.05,1,2,81.42,0,0,0,0,66.11
0,0,73.73,3,2,65.35,0,0,85.99,0,0
0,0,80.83,2,1,64.14,0,0,87.94,0,0
0,0,68.5,2,2,57.27,0,0,80,0,0
1,47.28,80.73,2,2,65.96,0,0,60.47,59.05,0
1,55.11,58.61,3,4,61.28,55.72,0,0,63.79,0
0,0,61.11,2,3,57.44,0,0,0,0,72.28
0,0,68.64,3,2,67.25,0,0,78.52,0,0
0,0,80.22,1,4,64.46,0,0,93.5,0,0
1,54.45,65.83,2,3,68.91,0,0,50.91,58.36,0
1,74.59,65.46,1,4,39.93,0,0,65.27,73.13,0
0,0,60.08,3,2,61.14,0,0,69.85,0,0
1,66.1,72.03,1,2,82.1,61.91,0,60.52,0,0
0,0,82.47,2,4,64.24,0,0,0,95.12,0
0,0,77.01,1,3,72.83,0,0,89.03,0,0
1,51.91,76.97,2,3,60.94,60.55,0,0,69.63,0
0,0,67.93,1,4,68.99,0,0,78.3,0,0
1,60.49,64.37,1,3,72.44,0,0,59.73,56.28,0
1,21.26,76.77,1,2,72.96,0,44.8,0,0,50.15
1,42.69,69.68,1,3,80.52,0,0,0,62.89,63.88
1,54.78,68.26,2,2,63.5,0,0,53.44,0,71.27
1,39.7,78.98,1,3,48.83,0,63.83,62.59,0,0
1,44.51,68.02,1,4,74.96,0,0,62.36,63.16,0
0,0,61.62,1,1,69.87,0,0,0,0,72.07
1,35.36,79.09,2,3,75.64,59.8,54.74,0,0,0
1,53.91,70.81,1,2,59.78,64.88,61.27,0,0,0
0,0,59.63,1,4,76.49,0,0,67.29,0,0
0,0,58.87,2,2,58.68,0,0,66.95,0,0
1,77.31,70.95,1,2,77.65,72.05,0,0,0,80.63
0,0,93.37,3,1,67.64,0,0,0,0,100
0,0,66.07,1,4,62.59,0,0,0,0,75.85
1,61.49,66.64,3,1,76.61,59.8,0,0,0,0
1,63.41,85.24,1,4,85.61,65.41,0,0,0,76.67
0,0,69.43,1,3,69.74,0,0,0,77.91,0
1,58.28,55.52,2,4,77.29,0,0,0,49.53,59.39
0,0,54.27,3,4,64.29,0,0,0,0,62.72
0,0,82.27,1,1,73.13,0,0,0,0,91.56
1,72.98,76.66,1,1,59.91,79.52,0,0,0,0
0,0,78.26,1,1,79.39,0,0,0,0,90.6
0,0,69.42,1,2,74.75,0,0,0,0,77.74
0,0,62.73,1,3,73.62,0,0,70.71,0,0
1,46.83,67.83,3,1,65.95,56.06,0,0,0,0
1,70.49,71.36,2,4,58.75,0,76.64,0,74.46,0
0,0,61.62,2,2,66.5,0,0,72.49,0,0
1,56.66,75.61,3,1,71.4,60.68,0,0,0,0
0,0,57.4,2,3,68.86,0,0,70.12,0,0
0,0,66.67,2,3,69.43,0,0,0,0,78.12
0,0,67.96,3,2,81.16,0,0,77.58,0,0
0,0,63.09,2,3,64.28,0,0,0,73.87,0
0,0,47.94,1,2,64.68,0,0,55.54,0,0
1,60.9,74.48,2,1,100,65.79,0,0,0,0
0,0,62.44,2,4,69.17,0,0,0,73.77,0
1,48.57,83.26,1,2,69.13,62.25,63.16,0,0,0
0,0,66.58,3,3,67.86,0,0,0,0,76.41
1,74.05,64.59,1,1,53.98,0,62.91,0,0,0
1,52.12,70.92,3,3,77.59,0,0,0,64.88,59.89
1,64.07,80.53,1,1,80.07,70.85,0,0,0,0
1,47.98,64.37,3,2,63.3,0,0,0,60.45,60.8
1,50.29,80.15,1,2,59,62.8,0,0,0,60.37
0,0,84.4,1,1,80.29,0,0,94.21,0,0
1,73.96,79.9,1,2,80.12,0,68.64,0,67.61,0
1,57.37,86.26,3,4,78.22,0,0,0,65.75,74.55
1,38.67,82.93,3,4,89.1,0,0,0,52.13,66.03
1,89.97,85.15,3,4,85.11,87.34,0,0,86.75,0
0,0,86.04,2,3,67.96,0,0,93.94,0,0
1,36.88,72.08,2,1,58.91,51.86,0,0,0,0
1,98.92,65.71,1,3,57.87,0,0,91.51,0,73.15
0,0,47.38,1,1,85.7,0,0,0,0,57.45
0,0,56.77,1,4,61.65,0,0,0,68.71,0
1,49.75,65.52,1,3,68.64,0,0,52.27,50.1,0
0,0,66.18,1,2,91.11,0,0,0,0,77.67
0,0,68.47,2,3,76.06,0,0,80.46,0,0
0,0,59.99,1,4,78.78,0,0,0,72.81,0
0,0,54.04,2,4,70.53,0,0,66.68,0,0
1,52.18,68.7,2,4,79.16,0,0,66.27,0,54.98
1,42.23,68.11,1,2,72.04,0,0,56.3,55.32,0
0,0,61.92,3,4,68.37,0,0,71.97,0,0
0,0,62.58,2,4,86.22,0,0,72.28,0,0
1,47.74,60.6,2,3,72.23,0,0,44.2,59.65,0
0,0,66.03,3,1,73.91,0,0,0,78.09,0
1,75.46,61.44,2,3,81.82,0,0,59.33,76.67,0
1,29.29,82.6,3,3,67.16,62.54,0,0,49.05,0
1,41.6,72.41,1,1,58.18,0,66.57,0,0,0
1,74.51,60.28,1,2,75.37,0,0,61.99,0,68.73
0,0,67.2,1,3,67.49,0,0,0,75.46,0
0,0,58.2,2,3,65.87,0,0,70.46,0,0
0,0,80.12,3,1,69.19,0,0,0,0,91.01
1,57.71,83.84,3,1,62.18,0,65.42,0,0,0
0,0,82.52,2,4,76.54,0,0,0,0,94.09
1,79.14,58.55,3,3,85.41,70.59,0,0,0,72.77
1,79.88,69.09,2,4,85.72,0,0,69.7,79.48,0
1,63.08,65.98,2,1,62.91,0,69.94,0,0,0
0,0,75.62,2,2,62.15,0,0,84.27,0,0
1,95.09,59.92,1,2,86.13,0,0,81.38,0,68.48
0,0,63.24,3,4,64.39,0,0,76.13,0,0
0,0,65.87,3,3,67.51,0,0,0,78.83,0
1,65.47,71.53,2,1,76.82,0,59.7,0,0,0
0,0,76.94,1,3,84.35,0,0,86.72,0,0
1,83.89,66.71,2,2,73.1,0,0,0,79.67,69.99
1,56.12,76.64,2,4,41.07,64.78,59.62,0,0,0
0,0,78.22,2,2,63.57,0,0,90.09,0,0
0,0,67.87,3,2,58.21,0,0,0,77.4,0
1,55.32,57.54,3,2,65.78,0,0,52.69,0,64.54
0,0,58.29,1,2,74.17,0,0,0,0,70.86
1,44.9,75.92,2,4,73.63,0,0,0,55.94,53.95
0,0,65.24,2,3,58.29,0,0,77.35,0,0
1,48.12,52.87,3,2,71.55,0,0,51.71,55.65,0
0,0,76.13,2,4,68.44,0,0,0,0,86.66
1,65.49,71.3,1,3,79.76,0,0,0,77,69.95
0,0,55.94,1,2,59.67,0,0,63.36,0,0
1,67.22,81.79,1,1,73.22,70.57,0,0,0,0
0,0,78.37,2,2,48.36,0,0,0,0,88.02
0,0,71.39,3,1,47.68,0,0,0,80.8,0
0,0,57.26,3,3,63.32,0,0,0,0,68.69
1,64.13,55.98,2,1,79.14,0,67.98,0,0,0
0,0,66.93,2,2,56.05,0,0,76.01,0,0
1,67.61,52.86,3,1,65.5,53.87,0,0,0,0
0,0,74.05,1,2,63.99,0,0,0,83.9,0
1,45.79,55.89,1,4,77.84,0,0,45.36,58.51,0
0,0,71.65,1,2,59.02,0,0,83.64,0,0
0,0,67.12,1,3,65.31,0,0,78.2,0,0
0,0,77.12,2,4,54.06,0,0,0,0,89.54
0,0,60.62,1,2,83.51,0,0,0,0,71.31
0,0,72.74,3,4,81.78,0,0,0,84.38,0
1,72.95,56.05,3,2,72.89,0,0,72.01,61.62,0
0,0,77.96,3,4,69,0,0,0,89.19,0
0,0,68.85,3,1,68.35,0,0,0,0,76.9
1,40.81,74.96,1,4,68.26,0,62.56,0,56.22,0
0,0,56.79,3,2,72.27,0,0,66.61,0,0
0,0,74.99,1,1,77.36,0,0,85.98,0,0
0,0,73.06,1,3,48.36,0,0,0,0,83.49
1,72.45,73.64,2,3,61.47,70.69,72.85,0,0,0
0,0,73.13,3,3,61.83,0,0,0,84.01,0
0,0,68.07,1,4,46.18,0,0,78.67,0,0
1,60.18,82.41,1,2,69.21,0,0,79.42,71.79,0
0,0,68.44,3,1,54.14,0,0,0,0,82.29
1,70.36,62.61,3,2,81.97,0,0,72.59,0,58.2
0,0,69.41,3,1,83.25,0,0,78.44,0,0
0,0,60.49,3,2,78.01,0,0,0,0,69.37
1,74.53,65.36,2,4,52.81,0,0,75.76,0,73.96
1,63.38,68.23,1,4,52.94,0,0,58.11,0,71.77
0,0,66.2,1,3,64.65,0,0,75.93,0,0
0,0,71.99,3,4,87.77,0,0,82.91,0,0
0,0,89.46,1,3,96.31,0,0,0,0,97.22
1,53.91,75.71,1,3,88.01,0,0,54.98,0,69.2
1,47.04,80.72,2,4,76.94,55.13,64.57,0,0,0
0,0,64.96,2,1,69.73,0,0,0,73.59,0
0,0,64.13,1,1,44.61,0,0,0,75.3,0
0,0,66.22,2,3,82.05,0,0,77.85,0,0
0,0,78.53,3,4,70.02,0,0,0,0,89.16
0,0,48.52,2,2,71.44,0,0,0,0,58.27
1,75.97,59.67,2,3,48.52,0,0,57.88,63.51,0
0,0,71.02,3,4,71.09,0,0,0,0,80.27
1,66.5,67.76,3,3,59,76.15,0,0,0,66.65
0,0,89.68,2,4,66.66,0,0,95.84,0,0
0,0,74.48,2,1,72.06,0,0,81.75,0,0
0,0,63.38,2,4,62.9,0,0,76.5,0,0
1,55.45,54.22,2,2,61.97,0,0,64.65,46.23,0
1,66.62,66.59,3,3,52.92,70.78,0,0,63.96,0
1,62.68,56.97,1,2,83.69,0,0,0,65.74,55.77
0,0,74.67,1,4,71.24,0,0,0,0,83.92
0,0,71.61,3,2,61.55,0,0,0,0,81.36
1,64.34,73.2,2,4,96.01,0,58.88,61.25,0,0
1,66.19,90.79,2,2,68.24,0,0,73.58,0,85.01
1,57.02,60.93,1,3,72.05,0,0,0,64.15,55.85
1,61.41,68.08,1,4,84.23,0,0,58.99,61.82,0
0,0,57.87,2,2,74.99,0,0,64.34,0,0
0,0,69.19,3,1,71.59,0,0,81.2,0,0
0,0,85.93,3,4,71.95,0,0,0,94.83,0
1,73.39,75.69,3,2,46.87,0,0,74.33,81.8,0
1,53.67,68.86,2,4,66.44,0,0,56.58,0,61.63
0,0,72.52,2,1,71.87,0,0,0,0,88.07
1,63.42,57.89,2,4,68.34,0,0,60.77,67.43,0
0,0,66.06,2,1,67.26,0,0,0,0,81.2
0,0,70.85,1,1,65.36,0,0,0,0,82.61
1,32.73,70.99,3,4,60.8,51.41,0,0,0,45.73
0,0,54.69,1,4,74.96,0,0,0,63.7,0
1,63.59,73.28,2,1,62.9,0,65.28,0,0,0
1,45,72.79,1,2,52.86,63.21,0,52.72,0,0
1,85.11,66.23,1,1,67.42,0,81.4,0,0,0
1,62.42,70.04,1,2,64.13,63.43,0,0,0,63.29
0,0,55.17,3,3,96.57,0,0,0,0,62.57
0,0,55.2,2,3,59.77,0,0,0,64.25,0
0,0,71.35,2,2,68.49,0,0,0,0,81.86
1,63.36,63.32,3,2,75.57,0,0,0,63.43,67.02
1,34.82,69.88,3,4,79.45,0,0,0,61.79,59.09
1,63.22,78.39,3,1,62.19,79.88,0,0,0,0
0,0,68.26,3,3,58.18,0,0,0,81.25,0
1,75.23,41.89,2,3,60.01,0,0,0,50.33,50.87
1,70.52,68.49,3,4,77.18,66.18,0,0,66.02,0
1,53.74,65.19,2,2,84.47,0,0,0,57.4,63.26
1,43.54,67.65,3,1,55.44,62.39,0,0,0,0
0,0,79,2,1,51.87,0,0,89.28,0,0
0,0,54.21,1,1,68.4,0,0,62.03,0,0
1,44.32,72.44,1,2,66.72,55.09,0,53.06,0,0
1,43.73,85.7,3,1,80.58,0,67.59,0,0,0
0,0,63.74,3,4,65.62,0,0,0,73.39,0
0,0,74.72,2,2,60.18,0,0,0,85.58,0
0,0,79.66,2,4,80.81,0,0,0,92.24,0
1,62.07,72.1,1,3,52.62,60.03,0,0,0,67.45
1,56.9,63.15,2,2,74.51,0,0,54.84,67.27,0
0,0,62.9,3,4,67.85,0,0,0,73.04,0
1,71.31,77.44,2,2,66.05,0,0,71.5,0,65.36
1,75.98,75.92,1,3,67.98,66.43,0,0,70.24,0
1,74.78,62.14,1,3,63.42,0,0,0,72.76,60.28
1,71.5,58.24,1,2,71.56,0,0,0,64.07,57.7
1,66.04,57.19,2,3,62.11,0,0,70.76,53.84,0
0,0,86.62,1,1,83.64,0,0,94.48,0,0
0,0,69.32,3,2,72.4,0,0,78.25,0,0
0,0,93.6,3,2,69.09,0,0,0,0,100
1,69.12,75.56,1,2,66.83,0,77.63,0,72.38,0
0,0,74.4,2,3,58.96,0,0,83.38,0,0
1,81.5,73.06,3,1,85.66,73.26,0,0,0,0
0,0,79.99,1,1,78.17,0,0,0,0,88.13
1,66.53,60.34,2,4,78.78,0,0,63.56,0,69.66
1,51.01,91.6,1,1,67.04,77.69,0,0,0,0
0,0,69,1,3,67.98,0,0,0,0,76.22
0,0,62.97,2,3,76.3,0,0,0,73.86,0
0,0,73.03,2,2,61.95,0,0,0,0,85.13
1,46.6,80.92,2,1,66.11,63.42,0,0,0,0
0,0,59.92,2,2,76.79,0,0,0,73.14,0
0,0,75.67,3,3,79.38,0,0,87.22,0,0
1,100,62.84,1,3,66.15,0,0,90.05,77.28,0
1,62.84,64.94,2,2,65.4,0,0,68.99,73.51,0
1,39.77,65.11,2,3,75.22,0,0,51.5,0,59.34
1,78.97,77.64,1,3,79.47,87.81,0,0,73.33,0
0,0,58.91,1,3,71.09,0,0,0,68.49,0
1,50.09,71.93,2,1,73.32,64.78,0,0,0,0
0,0,66.57,3,2,57.43,0,0,0,78.46,0
0,0,61.53,2,2,64.8,0,0,71.38,0,0
0,0,57.86,3,3,66.2,0,0,0,0,66.61
0,0,57.97,3,4,77.01,0,0,0,67.23,0
1,61.48,53.66,2,3,73.17,0,0,0,65.24,63.82
1,65.72,78.96,2,4,85.18,68.54,0,0,0,74.38
1,61.01,67.58,3,1,67.08,69.51,0,0,0,0
0,0,71.59,2,4,62.1,0,0,83.82,0,0
1,64.26,81.78,1,4,53.19,0,79.8,0,72.59,0
0,0,57.8,2,3,86.35,0,0,0,0,65.89
0,0,60.58,2,1,72.08,0,0,0,71.86,0
1,38.55,72.55,2,1,69.47,0,62.51,0,0,0
1,59.08,51.76,2,2,74.3,0,0,0,62.12,58.95
1,38.51,64.21,1,2,60.75,0,0,48.25,0,58.03
1,61.31,60.75,3,3,74.89,56.45,0,0,69.02,0
1,74.08,73.3,1,2,86.3,63.91,67.71,0,0,0
1,69.11,65.74,1,2,66.13,0,0,70.83,61.14,0
0,0,90.08,2,4,71.77,0,0,0,99.41,0
0,0,79.38,2,1,81.36,0,0,86.84,0,0
1,64.92,61.47,2,1,67.82,55.07,0,0,0,0
1,53.98,66.13,1,3,77.58,0,0,0,56.28,64.25
1,55.25,66.52,2,1,71.31,51.07,0,0,0,0
1,68.95,100,2,2,74.18,0,0,0,93.89,88.7
1,45.19,54.9,1,2,82.58,0,0,54.63,42.31,0
1,53.98,72.04,3,2,73.06,0,0,0,63.4,53.84
1,48,49.16,1,1,81.77,0,42.68,0,0,0
1,44.35,69.93,2,3,70.02,0,0,53.19,65.07,0
1,47.14,89.1,3,2,55.37,0,77.28,0,0,58.41
1,70.16,65.92,2,4,67.12,0,0,0,59.7,59.74
0,0,81.05,1,2,42.84,0,0,91.77,0,0
0,0,69.34,3,2,61.1,0,0,76.9,0,0
0,0,65.78,2,1,66.56,0,0,0,71.16,0
0,0,67.48,1,2,74.06,0,0,0,78.14,0
1,49,64.13,2,2,70.73,0,0,59.73,0,49.91
1,92.24,63.74,2,1,71.31,0,76.12,0,0,0
1,58.65,56.7,1,3,64.11,0,0,60.91,0,58.29
0,0,85.07,3,2,71.29,0,0,0,95.11,0
1,59.02,66.07,3,2,98.81,0,0,71.94,66.25,0
1,65.22,72.94,3,2,78.63,64.81,0,0,66.19,0
1,69.95,61.23,1,4,80.48,0,0,63.41,0,73.53
1,43.43,81.17,1,3,70.44,52.92,65.37,0,0,0
1,59.54,67.26,1,2,55,0,0,60.69,0,72.15
1,83.68,69.09,2,3,60.98,0,0,0,79.3,66.88
1,48.07,51.71,1,3,83.05,0,0,47.54,50.35,0
0,0,73.96,3,1,84.31,0,0,0,0,84.82
0,0,88.12,2,4,65.65,0,0,0,0,95.85
0,0,61.31,2,3,65.56,0,0,71.69,0,0
0,0,65.42,3,2,87.74,0,0,0,74.3,0
1,79.01,58.62,3,1,68.34,0,68.11,0,0,0
1,67.49,71.29,3,1,83.96,0,75.3,0,0,0
0,0,70.64,2,3,74.57,0,0,79.75,0,0
1,78.89,77.05,3,1,90.9,69.5,0,0,0,0
0,0,75.51,3,2,68.44,0,0,85.73,0,0
0,0,61.87,1,2,58.26,0,0,0,0,70.97
1,97.9,72.25,2,3,66.18,77.18,0,0,0,84.99
0,0,66.72,2,3,70.23,0,0,75.64,0,0
1,57.48,59.09,3,4,70.27,60.04,0,0,0,57.64
0,0,68.73,3,4,78.53,0,0,0,76.57,0
1,79.87,100,1,2,75.77,0,0,0,95.45,98.92
0,0,93.15,2,1,47.94,0,0,0,100,0
0,0,71.4,2,2,77.69,0,0,0,78.8,0
0,0,87.39,1,4,58.87,0,0,98.45,0,0
0,0,69.55,3,3,71.43,0,0,80.85,0,0
1,50.97,69.47,2,2,72.82,0,0,60.96,0,65.86
1,73.82,50.5,1,3,68.73,0,0,61.02,0,55.65
1,66.91,60.4,3,1,68.18,54.56,0,0,0,0
0,0,62.17,2,2,68.55,0,0,0,71.41,0
1,58.01,71.08,1,3,64.96,0,0,63.39,0,64.12
0,0,70.14,1,1,72.67,0,0,0,78.95,0
1,30.02,64.21,3,4,73.22,54.23,0,0,0,40.74
0,0,64.11,2,2,69.07,0,0,0,73.27,0
0,0,68.34,1,4,88.11,0,0,0,79.46,0
0,0,56.19,3,4,52.23,0,0,0,64.37,0
0,0,63.87,1,2,46.7,0,0,0,76.38,0
1,58.08,66.19,3,2,68.06,0,0,0,70.31,61.54
1,55.92,57.51,1,1,65.11,56.33,0,0,0,0
1,63.26,66.7,2,4,54.69,0,0,66.07,0,55.63
0,0,61.65,2,3,64.16,0,0,0,0,71.32
1,81.07,82.35,3,4,64.25,0,0,0,86.93,90.88
0,0,67.56,1,3,60.6,0,0,0,0,75.79
0,0,68.1,3,3,67.66,0,0,0,0,80.28
1,40.91,74.28,3,1,82.6,0,59.39,0,0,0
1,82.78,75.57,3,3,85.12,84.35,0,0,0,69.56
1,42.43,52.64,1,4,66.07,0,0,0,48.54,52.71
0,0,66.23,3,3,56.77,0,0,77.32,0,0
1,55.97,60.91,1,4,57,0,0,61.52,0,55.16
1,57.45,68.55,3,4,71.91,0,0,0,62.2,56.74
0,0,64.64,3,2,71.82,0,0,0,0,73.04
1,78.32,71.57,2,2,69.77,0,0,0,70.16,80.22
0,0,60.2,2,1,71.59,0,0,0,68.46,0
1,59.5,64.32,3,1,57.17,0,60.31,0,0,0
1,37.04,64.09,2,2,66.69,0,0,41.94,0,40.59
0,0,80.83,3,3,72.25,0,0,0,91.04,0
0,0,73.68,2,1,64.59,0,0,0,0,85.46
1,63.59,73.69,3,3,60.76,77.74,0,0,66.08,0
1,80.97,67.14,2,2,91.98,0,0,64.6,0,71.28
0,0,66.15,1,1,63.38,0,0,77.18,0,0
1,64.48,75.61,3,3,77.47,60.27,0,0,0,79.02
1,84.73,77.77,3,3,71.3,0,0,0,71.65,75.39
1,36.75,70.15,1,2,62.76,0,47.36,0,55.33,0
1,53.16,81.42,1,3,88.83,73.92,0,0,72.81,0
1,81.39,82.74,1,3,85.32,88.78,0,0,79.87,0
1,74.04,53.35,1,4,54.08,0,0,56.85,71.96,0
0,0,74.3,1,2,82.07,0,0,83.53,0,0
0,0,69.57,2,2,79.07,0,0,0,0,81.44
1,64.91,73.88,2,3,59.35,0,0,71.78,0,72.45
0,0,81.16,2,3,74.95,0,0,0,0,91.81
1,65.67,60.79,2,2,58.62,0,0,57.17,66.53,0
0,0,53.8,2,4,78.02,0,0,60.58,0,0
0,0,81.06,1,2,78.47,0,0,91.76,0,0
1,62.89,60.02,3,2,64.21,0,0,56.28,0,69.32
1,42.64,63.14,2,2,60.54,0,0,0,57.91,46.66
1,71.56,72.05,3,2,64.5,0,0,78.83,79.4,0
1,58.04,63.14,1,1,80.53,68.84,0,0,0,0
1,87.33,54.08,3,1,55.74,0,69.67,0,0,0
0,0,70.34,1,4,72.21,0,0,0,81.03,0
1,66.31,62.19,3,2,54.9,0,0,59.83,0,69.24
1,63.7,75.98,3,3,74.48,75.72,0,0,66.92,0
1,50.62,64.94,1,4,78.38,0,0,67.1,48.91,0
0,0,63.12,1,1,77.97,0,0,0,0,71.37
0,0,67.9,2,3,60.2,0,0,79.16,0,0
1,59.78,80.52,1,2,61.49,0,61.22,0,0,68.07
1,55.49,79.08,2,4,67.96,74.29,58.07,0,0,0
0,0,59.07,2,3,82.31,0,0,66.95,0,0
1,31.61,98,1,4,71.25,0,0,0,69.63,72.23
1,57.33,66.74,3,3,64.04,0,0,0,59.67,71.72
1,63.76,58.48,2,4,82.46,0,0,56.69,0,67.78
0,0,78.88,2,3,74.05,0,0,0,89.53,0
0,0,66.38,2,3,69.3,0,0,74.76,0,0
0,0,91.54,1,4,71.51,0,0,0,99.26,0
1,55.85,78.47,1,4,78.44,73.83,0,0,0,60.17
0,0,68.01,3,1,47.38,0,0,0,79.18,0
0,0,85.75,2,1,85.32,0,0,0,0,96.12
0,0,78.49,3,2,63.14,0,0,0,0,87.87
0,0,57.71,1,3,69.5,0,0,0,69.69,0
0,0,78.88,2,2,62.47,0,0,0,0,86.87
0,0,64.84,1,2,73.06,0,0,77.21,0,0
1,51.09,69.17,2,4,65.65,0,0,0,65.31,66.27
1,29.82,71.31,1,3,69.64,0,0,0,51.94,46.66
1,68.85,61.21,1,2,76.08,0,0,0,71.92,57.91
0,0,56.67,3,3,74.07,0,0,0,64.21,0
0,0,73.68,3,2,75.37,0,0,84.11,0,0
1,83.77,56.12,1,4,69.09,0,0,0,78.27,73.96
1,69.72,44.25,2,1,67.79,0,58.88,0,0,0
1,42.91,61.64,3,1,64.77,52.68,0,0,0,0
0,0,73.31,2,3,67.49,0,0,0,0,85.01
1,73.06,67.3,1,3,66.27,0,0,0,65.62,70.23
0,0,82.67,3,3,53.87,0,0,0,94.36,0
1,79.44,71.84,1,2,67.31,0,79.17,75.43,0,0
0,0,62.34,2,2,82.23,0,0,0,0,75.18
1,68.05,65.6,3,4,73.68,63.51,0,0,0,72.16
1,66.07,55.63,3,3,70.98,70.32,0,0,57.05,0
1,62.87,80.86,2,4,74.59,63.01,63.01,0,0,0
0,0,56.19,1,2,50.01,0,0,0,0,65.86
1,53.19,60.8,2,4,52.63,0,0,56.49,0,66.52
0,0,68.4,1,4,70.29,0,0,80.05,0,0
0,0,70.02,1,2,36.08,0,0,0,0,81.53
1,68.44,54.97,2,2,96.67,0,0,61.75,64.39,0
0,0,60.94,1,1,60.34,0,0,68.19,0,0
1,52.49,72.65,3,2,79.24,62.39,54.32,0,0,0
0,0,81.3,3,1,67.35,0,0,0,0,92.18
0,0,73.49,3,2,72.58,0,0,0,0,78.13
1,86.62,69.74,3,4,78.3,79.19,0,0,0,79.01
0,0,54.38,3,3,62.64,0,0,0,66.66,0
0,0,63.83,3,1,72.41,0,0,0,71.17,0
0,0,75.21,3,3,64.92,0,0,84.24,0,0
0,0,80.81,3,4,99.25,0,0,0,92.75,0
0,0,78.89,1,4,69.71,0,0,0,0,84.41
0,0,71.38,3,4,56.36,0,0,0,0,79.77
0,0,82.05,3,1,69.54,0,0,0,0,92.88
0,0,98.81,1,1,75.71,0,0,0,100,0
0,0,64.06,1,4,64.79,0,0,0,72.67,0
1,48.33,62.37,1,4,59.65,0,0,54.94,51.95,0
0,0,85.18,1,2,83.99,0,0,0,99.08,0
1,38.3,72.35,1,4,71.35,0,0,59.48,0,61.76
1,36.26,71.12,1,4,57.17,50.73,44.56,0,0,0
0,0,73.92,2,3,80.19,0,0,0,0,87.01
1,63.39,63.46,2,2,83.99,0,0,59.89,71.23,0
1,51.76,59.65,1,4,71.05,0,0,0,46.51,57.78
1,43.52,62.23,1,3,70.06,0,0,50.93,0,44.34
0,0,82.46,3,4,53.07,0,0,0,0,93.9
0,0,55.63,3,2,73.47,0,0,0,68.53,0
1,68.01,74.99,1,4,66.1,0,71.75,0,0,78.83
1,64.77,64.42,3,1,68.92,61.56,0,0,0,0
1,66.52,66.47,3,2,70.24,0,0,0,71.66,71.49
1,68.1,77.43,1,2,80.73,0,0,79.42,77.16,0
0,0,78.44,3,3,64.84,0,0,89.33,0,0
1,54.37,73.43,2,1,75.92,73.35,0,0,0,0
0,0,51.27,2,3,73.36,0,0,0,0,61.25
1,33.88,85.71,3,1,58.48,67.03,0,0,0,0
0,0,83.1,2,1,70.15,0,0,0,94.03,0
0,0,70.91,1,1,71.56,0,0,0,0,81.59
0,0,70.1,1,1,77.61,0,0,77.73,0,0
0,0,88.01,1,4,71.97,0,0,0,0,97.89
1,54.89,79.47,1,2,68.27,0,75.02,0,67.97,0
1,41.05,69.71,2,4,86.65,0,0,63.26,60.66,0
1,18.34,67.08,1,4,69.5,0,0,37.14,0,52.03
1,77.28,68.06,3,3,78.11,0,0,0,68.26,79.52
1,51.16,81.77,1,3,60.91,0,0,63.75,0,61.03
0,0,80.4,2,2,66.38,0,0,0,0,90.35
1,61.97,53.87,3,2,91.12,0,0,0,50.67,54.09
0,0,74.65,3,1,74.01,0,0,84.51,0,0
1,54.75,78.64,3,2,49.51,76.18,0,71.13,0,0
0,0,54.94,2,2,61.5,0,0,0,67.47,0
1,67.58,69.97,3,1,76.41,0,69.6,0,0,0
0,0,52.23,1,3,61.23,0,0,0,0,61.73
1,36.26,71.29,1,1,71.12,0,47.42,0,0,0
1,93.65,49.17,2,2,56.19,0,0,70.28,70.15,0
0,0,63.18,2,4,85.07,0,0,0,73.1,0
0,0,63.89,1,4,81.4,0,0,0,0,73.9
0,0,62.91,1,2,69.37,0,0,0,71.86,0
1,81.08,84.52,3,3,86.63,0,0,0,77.63,82.68
1,84.27,75.36,1,1,81.74,86.28,0,0,0,0
1,47.63,66,1,3,74.32,0,0,54.8,0,48.28
0,0,60.67,1,2,85.93,0,0,0,74,0
0,0,67.61,3,3,59.52,0,0,0,0,77.97
1,47.79,59.71,3,3,80.86,48.48,0,0,55.12,0
0,0,79.73,2,1,73.49,0,0,92.26,0,0
0,0,89.97,3,2,58.2,0,0,0,100,0
1,68.12,80.53,1,3,57.87,0,68.74,0,79.34,0
0,0,73.32,2,1,72.57,0,0,0,81.24,0
0,0,68.34,1,3,74.14,0,0,0,77.27,0
0,0,65.95,1,2,72.74,0,0,0,0,74.8
1,67.62,87.45,1,2,65.1,0,75.46,0,75.81,0
0,0,64.24,1,1,67.9,0,0,0,74.4,0
1,41.98,85.61,2,1,53.62,70.02,0,0,0,0
0,0,58.68,2,3,53.67,0,0,0,66.71,0
1,51.94,67.04,3,4,76.46,58.85,0,0,0,68.24
0,0,52.86,3,2,66.23,0,0,0,64.55,0
1,83.64,71.59,1,3,54.29,0,85.19,85.06,0,0
1,67.53,57.36,2,2,61.53,0,0,0,55.96,65.43
0,0,86.65,2,1,62.96,0,0,97.49,0,0
0,0,74.12,1,3,59.81,0,0,0,84.66,0
1,45.71,75.37,1,3,58.1,61.78,69.78,0,0,0
0,0,72.83,3,1,52.86,0,0,0,80.06,0
1,51.58,59.07,1,3,77,0,0,0,64.4,49.72
0,0,71.24,2,3,74.12,0,0,77.05,0,0
1,64.62,88.37,3,2,87.8,0,69.33,0,0,82.65
0,0,70.09,3,4,57.8,0,0,0,81.42,0
0,0,59.83,2,2,83.26,0,0,68.65,0,0
0,0,51.48,3,3,72.82,0,0,0,60.02,0
0,0,62.87,3,2,66.9,0,0,0,0,72.39
1,64.79,52.38,2,3,57.93,0,0,65.51,64.11,0
1,57.93,78.31,3,3,68.51,61.41,0,0,0,65.85
0,0,77.81,3,3,89.97,0,0,0,90.05,0
1,39.77,61.24,2,3,80.73,0,0,58.79,0,55.99
0,0,76.14,1,2,85.24,0,0,0,0,88.38
1,52.97,64.24,2,2,79.21,0,0,0,66.35,57.6
1,67.69,69.54,3,2,73.17,0,0,0,69.03,68
0,0,73.72,3,4,68.98,0,0,0,85.05,0
1,69.04,65.56,2,2,85.35,0,0,66.56,60.23,0
0,0,74.18,2,4,81.31,0,0,0,87.33,0
0,0,53.14,2,1,65.85,0,0,0,0,63.21
0,0,71.17,2,2,54.22,0,0,81.03,0,0
0,0,69.65,2,2,63.01,0,0,0,79.25,0
0,0,49.54,3,2,64.93,0,0,0,64.73,0
1,47.8,51.9,2,3,70.98,0,0,0,50.3,43
1,52.18,51.4,1,2,62.4,0,0,48.59,0,44.93
0,0,74.14,2,1,71.4,0,0,0,0,84.86
0,0,71.24,1,3,78.92,0,0,0,0,80.07
0,0,72.74,3,2,65.54,0,0,0,83.03,0
0,0,56.74,2,2,80.12,0,0,0,66.05,0
1,54.18,81.39,2,3,62.87,0,0,63.35,0,72.52
1,59.1,79.83,1,1,70.65,68.37,0,0,0,0
0,0,62.33,2,4,61.65,0,0,70.08,0,0
0,0,81.76,1,4,78.59,0,0,0,0,88.87
1,79.63,67.49,1,2,71.02,0,0,70.45,0,67.08
0,0,52.24,2,1,74.42,0,0,0,62.92,0
1,77.18,53.67,2,2,64.43,0,0,64.57,71.33,0
1,65.2,77.34,1,4,76.44,0,61.51,0,0,62.26
1,71.61,68.96,2,4,62.05,0,0,69.17,0,60.48
1,48.38,78.81,1,1,74.46,65.82,0,0,0,0
1,61.57,69.12,3,2,75.28,0,0,62.88,72.22,0
1,62.01,72.68,1,1,68.98,0,70.68,0,0,0
1,50.81,91.24,3,4,56.68,0,0,0,72.53,66.97
1,47.66,83.97,1,1,65.2,0,61.25,0,0,0
1,37.65,65.67,3,4,82.79,57.2,0,0,48.47,0
1,82.44,73.75,1,1,76.97,79.22,0,0,0,0
1,45.41,74.94,3,4,91.1,67.98,0,0,50.93,0
0,0,77.61,1,3,76.8,0,0,0,88.67,0
0,0,70.71,3,3,77.94,0,0,0,79.84,0
1,47.06,65.06,2,1,67.86,0,51.09,0,0,0
1,69.34,69.96,3,4,77.89,74.61,0,0,0,75.6
1,50.53,65.2,3,2,67.02,0,0,63.13,52.46,0
1,68.53,86.83,3,4,55.25,0,0,0,75.39,86.06
0,0,82.41,1,4,66.03,0,0,0,0,92.13
0,0,67.96,2,2,73.95,0,0,0,78.25,0
1,45.48,74.28,2,4,86.83,0,0,61.1,61.54,0
0,0,68.35,1,3,73.96,0,0,0,80.92,0
0,0,81.93,3,2,59.42,0,0,88.98,0,0
1,46.21,80.49,1,4,56.97,67.95,0,0,62.15,0
0,0,75.69,3,4,76.41,0,0,0,85.01,0
1,68.1,78.71,2,4,76.97,0,83.13,0,80.68,0
0,0,76.61,2,2,91.82,0,0,0,0,86.56
1,84,81.74,1,1,62.69,86.53,0,0,0,0
0,0,75.31,1,2,84.38,0,0,0,0,83.86
0,0,71.52,1,1,78.49,0,0,0,84.54,0
1,53.95,64.23,1,1,71.65,0,50.49,0,0,0
0,0,54.28,3,1,71.52,0,0,0,65.14,0
0,0,69.72,1,1,56.45,0,0,0,0,79.34
0,0,62.59,3,2,67.39,0,0,72.78,0,0
0,0,70.6,1,1,66.27,0,0,0,0,81.6
0,0,81.4,3,2,53.5,0,0,90.73,0,0
1,73.23,71.73,3,2,85.26,81.74,0,0,69.97,0
0,0,65.85,1,2,49.17,0,0,0,0,78.07
1,51.21,61.47,1,4,67.67,0,0,0,62.63,61.05
0,0,55.7,2,4,56.25,0,0,0,0,61.38
0,0,83.33,1,1,53.09,0,0,93.42,0,0
1,66.86,52.23,1,3,63.27,0,0,0,60.5,59.47
1,74.44,60.65,3,1,55.87,0,73.07,0,0,0
1,71.56,46.87,3,4,81.79,51.57,0,0,51.16,0
1,63.65,66.84,1,4,74.34,0,0,0,66.06,61.9
0,0,66.58,3,4,59.95,0,0,0,0,74.99
0,0,65.96,2,4,61.26,0,0,0,0,74.35
1,52.34,69.37,3,4,52.42,0,0,0,52.95,66.99
0,0,61.79,3,2,89.46,0,0,69.72,0,0
1,32.88,60.86,2,4,67.9,0,0,38.62,43.61,0
1,66.17,88.18,2,4,69.01,0,84.95,78.57,0,0
1,52.75,66.66,2,4,82.27,0,0,59.15,63.45,0
1,60.04,79.08,1,4,72.45,0,70.63,0,73.82,0
0,0,61.63,3,1,69.71,0,0,71.09,0,0
0,0,86.13,2,2,74.19,0,0,0,0,95.19
1,73.28,85.14,1,3,93.37,0,0,84.19,0,69.36
0,0,72.31,2,1,90.79,0,0,0,0,85.17
0,0,59,2,3,57.26,0,0,0,0,71.14
1,77.57,70.87,2,3,53.08,0,83.05,0,78.21,0
1,55.1,70.47,2,4,74.4,0,0,72.76,72.3,0
1,59.88,72.4,1,3,50.62,0,0,0,63.6,61.63
0,0,60.22,1,4,81.01,0,0,0,66.71,0
0,0,54.77,2,1,69.3,0,0,64.32,0,0
0,0,71.62,2,2,80.34,0,0,0,0,81.05
1,52.39,69.9,2,3,56.57,0,0,0,59.06,52.05
1,62.32,70.02,3,1,79,63.31,0,0,0,0
0,0,80.27,2,4,85.06,0,0,92.24,0,0
1,59.41,55.25,2,2,72.92,0,0,56.36,0,56.72
0,0,80.11,3,3,71.88,0,0,0,91.92,0
0,0,62.57,3,3,73.72,0,0,0,0,76.39
0,0,66.05,2,4,71.59,0,0,0,0,75.87
1,71.53,61.74,3,2,74.36,0,0,66.24,0,65.34
1,53.68,70.9,3,4,80.22,68.15,0,0,0,56.34
0,0,50.94,3,4,66.74,0,0,0,0,61.63
1,73.14,64.32,1,4,64.23,0,0,61.38,0,68.92
0,0,64.84,3,4,70.78,0,0,0,0,75.66
1,89.21,82.64,1,4,58.25,0,0,82.91,0,93.37
0,0,71.51,1,2,61.21,0,0,83,0,0
0,0,76.96,1,4,82.67,0,0,0,0,85.61
1,75.32,70.06,1,3,63.3,0,0,76.96,0,64.03
0,0,59.51,1,2,79.27,0,0,0,70.59,0
0,0,79.07,3,4,60.8,0,0,0,87.2,0
0,0,61.55,3,3,64.96,0,0,0,68.95,0
0,0,64.74,3,4,63.87,0,0,0,0,76.28
0,0,71.82,3,1,54.82,0,0,83.76,0,0
1,55.02,79.46,3,3,68.97,0,0,0,57.64,68.49
1,49.18,67.99,3,2,89.46,0,0,64.26,53.49,0
1,53.27,85.11,1,3,72.4,0,0,67.39,59.81,0
1,33.84,64.29,3,3,91.47,0,0,0,53.38,39.94
1,84.91,76.66,3,2,65.3,0,78.28,88.52,0,0
1,38.75,70.04,2,1,71.47,0,44.48,0,0,0
1,17.97,85.47,1,1,71.99,60.26,0,0,0,0
1,42.17,72.14,2,3,72.85,53.09,0,0,0,57.35
0,0,51.23,2,2,79.39,0,0,0,0,64.59
0,0,80.88,1,4,60.67,0,0,0,92.71,0
0,0,69.18,1,4,71.87,0,0,0,0,80.2
0,0,64.47,1,4,70.1,0,0,0,76.37,0
1,60.38,82.23,1,3,72.74,62.66,77.21,0,0,0
1,69.16,66.69,2,1,70.94,67.76,0,0,0,0
1,64.29,76,2,2,70.07,0,76.91,0,75.2,0
1,74.68,62.32,1,3,77.46,0,0,75.21,67.81,0
0,0,61.64,2,1,66.06,0,0,73.35,0,0
1,51.79,88.11,3,3,75.68,64.68,0,0,0,77.07
0,0,62.13,1,4,77.77,0,0,0,0,68.85
0,0,64.15,3,3,72.71,0,0,0,71.35,0
1,39.37,52.92,3,3,74.06,54.91,0,0,38.91,0
1,67.51,86.3,3,1,68.6,72.7,0,0,0,0
1,52.8,73.98,3,3,62.61,0,0,0,71.79,65.9
0,0,72.38,3,2,96,0,0,78.79,0,0
1,72.14,79.75,1,1,50.94,0,74.77,0,0,0
1,42.03,56.71,3,3,58.49,0,0,0,47.87,47.91
1,66.1,64.59,1,3,86.27,0,0,58.86,0,60.33
0,0,69.09,2,1,64.49,0,0,0,0,83.09
1,62.21,54.52,2,4,58.61,0,0,0,53.9,48.46
1,45.34,83.11,3,1,83.31,69.06,0,0,0,0
1,73.19,69.82,2,3,81.04,0,0,67.89,72.73,0
1,69.53,66.77,1,4,71.84,0,0,70.85,0,58.93
1,68.14,72.36,1,3,67.58,0,0,65.94,0,60.37
0,0,62.47,3,3,66.11,0,0,0,74.63,0
0,0,70.45,2,1,59.44,0,0,78.71,0,0
1,73.21,100,3,3,72.11,0,0,0,93.24,80.62
0,0,76.05,2,1,91.28,0,0,0,85.94,0
0,0,86.68,3,1,80.49,0,0,0,96.99,0
0,0,66.45,2,4,73.99,0,0,75.64,0,0
1,70.45,62.48,1,1,66.78,73.35,0,0,0,0
0,0,73.1,3,3,55.52,0,0,0,0,83.3
1,69.78,56.58,3,2,68.75,0,0,0,58.25,64.6
0,0,46.93,2,1,67.89,0,0,0,0,55.32
1,48.5,77.32,3,2,81.93,0,0,0,63.13,56.07
0,0,76.41,2,3,60.86,0,0,82.91,0,0
1,45.03,78.34,3,4,80.72,56.72,0,0,0,62.42
1,39.4,70.28,3,2,83.07,0,0,0,61.32,58.15
0,0,89.78,3,1,79.65,0,0,0,98.46,0
1,86.42,69.13,2,1,83.04,0,77.37,0,0,0
0,0,64.46,1,4,59.87,0,0,0,0,75.02
0,0,39.94,2,3,62.95,0,0,0,0,50.45
0,0,69.53,1,4,71.64,0,0,0,0,81.85
1,61.69,78.32,3,3,67.7,70.15,0,0,61.81,0
0,0,70.07,2,2,69.18,0,0,0,0,77.65
1,61.01,81.24,2,2,82.93,0,65.46,0,79.16,0
0,0,92.95,2,4,59.09,0,0,0,100,0
1,59.46,68.27,1,2,77.12,0,0,61.36,0,62.75
1,65.04,82.31,1,1,61.68,0,76.29,0,0,0
0,0,54.14,3,2,57.92,0,0,62.72,0,0
1,55.92,80.31,3,1,63.65,0,68.32,0,0,0
1,64.27,70.63,2,4,69.47,59.74,60.35,0,0,0
0,0,67.79,1,3,60.19,0,0,0,0,76.71
1,59.57,68.37,2,3,66.74,0,0,0,55.86,59.91
1,55.13,68.44,3,2,75.31,0,0,0,57.01,63.4
1,52.07,66.91,2,1,64.94,0,54.87,0,0,0
1,62.61,71.99,2,4,65.08,0,0,75.37,71.27,0
1,68.5,68.26,1,4,85.75,0,0,0,67.78,76.71
0,0,58.44,1,4,74.65,0,0,68.45,0,0
0,0,74.17,1,2,76.04,0,0,85.37,0,0
1,48.93,63.92,1,3,73.42,0,0,0,66.34,63.44
1,41.94,80.48,2,4,57.4,0,0,0,68.22,54.44
1,66.26,69.66,3,3,65.79,0,0,0,62.69,68.08
1,70.32,71.27,2,1,75.03,0,66.44,0,0,0
0,0,49.51,3,3,87.72,0,0,0,0,59.05
1,80.22,57.43,1,1,72.07,75.65,0,0,0,0
0,0,79.4,1,1,86.08,0,0,0,0,91.92
0,0,62.66,1,3,54.49,0,0,72.85,0,0
1,56.99,64.68,3,1,67.85,55.91,0,0,0,0
0,0,67.22,2,3,66.47,0,0,0,0,81.18
1,48.9,83.64,2,3,61.73,0,68.92,0,70.39,0
0,0,73.74,1,1,80.92,0,0,0,0,83.32
1,67.14,83.1,1,1,74.87,0,79.5,0,0,0
1,27.63,67.32,2,2,80.77,0,0,43.17,0,51.85
0,0,72.13,3,3,66.06,0,0,81.8,0,0
1,56.41,57.97,3,1,71.08,0,64.49,0,0,0
1,56.3,81.78,3,1,51.4,68.26,0,0,0,0
0,0,71.09,3,3,60.26,0,0,0,0,81.93
1,58.29,70.44,2,3,82.06,0,0,57.56,63.6,0
0,0,73.38,1,2,71.44,0,0,0,0,82.25
0,0,84.47,3,2,74.6,0,0,97.18,0,0
0,0,67.86,1,3,72.61,0,0,77.87,0,0
0,0,86.63,1,4,69.09,0,0,0,98.45,0
1,46.56,61.48,1,2,62.84,0,0,0,48.85,46.89
0,0,74.22,3,4,76.9,0,0,0,0,84.23
0,0,90.09,2,2,84.52,0,0,100,0,0
1,62.96,65.1,2,3,88.9,0,0,68.96,0,64.13
0,0,72.45,3,3,77.15,0,0,84.76,0,0
0,0,78.78,1,4,61.81,0,0,0,87.47,0
0,0,68.62,1,1,73.39,0,0,77.51,0,0
1,78.86,55,2,3,67.39,0,0,0,60.14,64.99
0,0,59.44,3,2,68.61,0,0,0,65.56,0
1,40.36,75.81,1,3,76.56,0,0,59.35,52.53,0
0,0,78.92,1,1,65.29,0,0,85.64,0,0
0,0,77.85,2,3,71.56,0,0,0,0,87.35
0,0,81.46,3,3,73.75,0,0,0,0,88.93
0,0,70.72,1,4,78.89,0,0,0,0,78.74
1,60.47,72.08,3,2,65.85,0,0,66.53,0,59.91
1,58.62,54.81,2,4,71.29,0,0,0,60.66,49.5
1,80.33,73.17,2,4,71.4,0,85.56,0,69.35,0
0,0,76.13,3,1,80.12,0,0,0,0,87.96
0,0,64.17,3,2,67.83,0,0,0,0,73.57
1,86.92,76.44,2,1,75.3,76.22,0,0,0,0
1,60.41,51.84,2,2,64.17,0,0,62.14,0,51.27
0,0,77.51,2,4,94.12,0,0,0,89.13,0
1,58.43,73,2,2,90.08,0,61.38,0,0,57.38
1,80.51,91.11,2,2,59.14,0,89.47,0,0,86.88
0,0,84.13,1,4,89.07,0,0,0,0,93.43
1,62.3,85.07,1,1,63.83,0,82.53,0,0,0
1,36.23,78.17,1,4,85.14,0,53.63,66.72,0,0
0,0,76.47,3,4,69.35,0,0,88.68,0,0
1,41.81,58.18,2,2,57.21,0,0,0,45.03,49.94
0,0,66.65,3,4,74,0,0,77.41,0,0
1,55.77,88.27,1,1,73.92,74.69,0,0,0,0
1,42.63,55.44,3,4,50.79,0,0,0,39.33,40.05
0,0,65.5,3,2,81.02,0,0,0,75.88,0
0,0,55.81,2,4,80.44,0,0,0,66.24,0
0,0,84.51,2,4,79.74,0,0,0,95.18,0
0,0,64.34,1,1,79.24,0,0,0,0,73.72
1,73.76,85.45,2,1,64.96,86.79,0,0,0,0
1,59.14,65.86,3,2,71.71,0,0,56.02,0,58.44
0,0,64.96,1,3,79.34,0,0,75.62,0,0
0,0,82.79,3,1,51.23,0,0,0,89.51,0
1,53.95,79.39,2,3,82.41,0,0,72.21,60.99,0
1,74.24,42.84,2,2,72.8,0,0,48.58,0,65.85
0,0,74.51,3,2,66.31,0,0,0,88.09,0
0,0,76,2,4,77.32,0,0,0,0,84.76
0,0,72.1,1,4,80.27,0,0,81.18,0,0
1,77.24,63.42,2,1,78.41,0,63.24,0,0,0
0,0,70.28,1,1,73.5,0,0,81.28,0,0
1,60.66,66.02,3,2,70.87,0,0,0,62.55,56.62
0,0,72.11,1,1,79.13,0,0,0,80.45,0
0,0,67.98,1,1,68.95,0,0,0,77.06,0
1,63.19,63.78,1,3,64.24,0,0,61.31,0,68.62
0,0,71.64,1,4,76.34,0,0,0,0,84.37
0,0,78.02,2,1,77.91,0,0,0,91.25,0
0,0,72.89,2,3,58.06,0,0,80.4,0,0
1,50.36,64.46,1,3,66.59,0,0,65.01,0,55.67
1,62.25,73.36,1,1,79.34,0,58.13,0,0,0
0,0,80.7,3,4,65.38,0,0,0,90.44,0
0,0,85.95,2,2,74.89,0,0,95.72,0,0
0,0,82.08,2,1,82.74,0,0,89.84,0,0
1,74.95,75.37,2,3,45.55,0,82.8,81.36,0,0
0,0,59.91,3,1,54.57,0,0,0,71.05,0
0,0,56.34,2,3,77.25,0,0,66.82,0,0
1,59.32,67.98,3,1,71,60.66,0,0,0,0
0,0,55.91,1,1,62.33,0,0,0,65.09,0
1,72.76,62.15,1,3,71.99,0,0,0,74.45,66.43
0,0,68.3,3,2,61.1,0,0,79.14,0,0
0,0,65.16,1,2,72.04,0,0,71.8,0,0
1,61.27,66.72,2,1,68.76,64.36,0,0,0,0
1,35.9,56.72,1,3,63.1,0,0,49.42,0,53.76
0,0,72.31,1,1,86.43,0,0,0,85.87,0
0,0,79.97,2,4,68.57,0,0,0,0,89.64
1,71.36,64.52,1,3,65.07,0,0,0,60.72,64.41
1,59.85,77.26,3,3,63.31,62.66,0,0,72.12,0
1,78.57,96.63,2,4,76.22,94.42,0,0,0,81.08
0,0,69.08,1,4,77.49,0,0,0,0,77.84
0,0,76.51,2,1,75.07,0,0,84.47,0,0
0,0,71.97,2,4,83.4,0,0,0,80.32,0
0,0,79.7,3,1,71.17,0,0,0,0,89.42
0,0,52.81,3,4,86.49,0,0,0,0,59.62
1,21.88,59.43,1,1,80.17,0,36.15,0,0,0
0,0,71.43,2,3,47.44,0,0,78.64,0,0
0,0,78.87,1,3,71.02,0,0,0,89.51,0
0,0,71.31,2,2,66.88,0,0,0,0,82.35
0,0,53.35,3,1,57.79,0,0,0,0,63.23
0,0,61.76,1,2,72.1,0,0,0,72.96,0
1,68.37,62.05,1,3,85.1,0,0,0,73.38,60.08
1,43.25,73.89,2,3,60.3,0,0,55.88,0,48.83
1,59.47,62.38,3,3,55.31,61.89,0,0,0,61.58
1,63.62,63.19,3,4,55.91,0,0,0,61.59,61.17
1,76.92,80.85,3,1,77.5,0,70.71,0,0,0
0,0,83.35,3,3,77.62,0,0,0,0,96.16
0,0,65.87,3,3,81.05,0,0,0,75.8,0
1,46.14,74.25,2,1,72.31,0,50.64,0,0,0
1,81.18,51.19,2,3,56.05,0,0,74.56,74.38,0
1,39.29,71.98,3,1,70.5,48.15,0,0,0,0
1,51.96,81.9,1,1,64.21,63.76,0,0,0,0
1,66.46,75.27,3,4,89.9,0,0,0,70.82,61.5
1,57.75,71.01,2,1,66.01,66.44,0,0,0,0
1,44.91,66.11,1,1,70.6,46.63,0,0,0,0
1,47.68,63.53,2,4,79.9,0,0,47.97,0,63.12
0,0,68.21,3,4,95.96,0,0,78.81,0,0
0,0,54.49,2,1,60.01,0,0,64.12,0,0
0,0,86.1,3,1,66.22,0,0,99.66,0,0
1,58.49,75.64,3,4,62.38,63.31,0,0,63.44,0
1,53.99,68.98,2,4,67.59,0,0,0,55.22,61.59
1,37.92,63.8,2,4,76.56,0,0,53.48,0,53.37
1,73.7,69.3,3,4,68.97,69.86,0,0,65.93,0
0,0,77.98,3,3,73.17,0,0,0,0,87.77
0,0,80.11,3,3,65.86,0,0,86.85,0,0
1,44.05,60.96,2,4,71.39,0,0,55.17,0,47.79
0,0,60.26,3,4,57.97,0,0,67.2,0,0
1,51.54,90.78,1,1,72.17,80.12,0,0,0,0
1,63.41,81.37,1,1,62.97,0,67.84,0,0,0
1,84.21,77.09,2,3,72.97,75.64,0,0,0,75.64
1,75.13,68.61,3,2,70.04,0,0,61.98,64.3,0
1,67.91,79.24,2,1,80.11,74.51,0,0,0,0
0,0,57.27,1,2,71.57,0,0,67.09,0,0
0,0,85.32,1,1,50.62,0,0,93.77,0,0
0,0,69.64,1,2,66.32,0,0,0,0,81.47
0,0,77.91,2,1,64.58,0,0,0,86.38,0
1,59.07,76.46,2,3,83.58,0,0,74.89,60.13,0
0,0,68.68,2,3,72.84,0,0,0,0,81.92
0,0,68.25,2,3,70.76,0,0,77.86,0,0
0,0,82.22,3,2,68.76,0,0,0,0,93.15
0,0,80.26,3,3,62.84,0,0,0,91.99,0
1,81.22,52.28,1,4,60.52,0,0,0,70.43,65.37
1,62.35,53.08,1,4,88.29,0,0,0,62.01,60.61
1,56.75,60.54,3,3,75.37,63.26,0,0,0,55.17
1,66.64,61.06,1,3,85.53,0,0,60.57,71.19,0
1,63.28,58.81,3,3,62.13,70.99,0,0,0,55.74
0,0,72.72,2,3,62.66,0,0,0,82.29,0
1,56.21,65.36,3,4,68.21,0,0,0,68.6,68.47
0,0,82.06,2,1,62.44,0,0,0,91.62,0
0,0,84.53,1,1,70.45,0,0,0,0,96.52
1,52.02,69.71,3,3,76.44,0,0,0,68.41,67.67
1,45.66,86.83,2,1,55.51,0,58.7,0,0,0
1,62.49,70.24,1,3,66.4,66.03,0,69.99,0,0
1,79.94,65.65,2,3,82.52,0,0,63.32,0,81.31
1,59.27,70.65,1,2,65.69,0,0,0,62.04,61.55
0,0,79.45,3,1,76.63,0,0,89.43,0,0
0,0,53.86,2,1,51.75,0,0,0,0,64.49
1,89.05,67.91,1,2,60.22,0,0,70.77,73,0
0,0,72.97,1,4,56.67,0,0,0,80.85,0
0,0,73.63,1,2,70.03,0,0,0,0,83.63
1,63.08,66.32,3,3,75.02,70.73,0,0,0,68.58
1,77.42,74.89,3,3,74.13,74.23,0,0,70.19,0
1,74.86,72.92,1,3,68.5,0,0,69.15,0,80.29
0,0,64.08,3,4,77.59,0,0,79.24,0,0
0,0,91.82,2,3,64.47,0,0,0,0,100
1,72.1,74.4,1,3,56.9,0,0,65.28,0,78.74
1,47.47,66.69,1,2,54.76,0,0,54.56,53.31,0
0,0,64.28,3,3,63.18,0,0,0,0,71.74
0,0,80.29,2,2,75.47,0,0,0,0,89.97
0,0,71.02,3,2,62.48,0,0,78.48,0,0
1,81.04,95.48,1,4,72.27,0,98.17,91.32,0,0
1,65.04,65.64,2,2,74.18,0,0,71.04,66.26,0
0,0,57.57,2,3,65.43,0,0,0,0,63.65
1,64.61,69.72,2,2,79.97,0,0,0,77.07,63.22
0,0,71.75,3,1,65.58,0,0,79.18,0,0
1,33.35,48.82,3,4,77.51,47.58,0,0,47.53,0
0,0,66.91,1,3,90.09,0,0,77.9,0,0
1,68.52,66.32,2,2,70.5,0,0,0,68.07,76.62
1,61.24,66.31,3,1,83.98,0,67.63,0,0,0
1,47.68,63.7,1,3,66.98,0,0,60.94,61.18,0
1,60.28,56.57,1,2,67.9,0,0,51.64,65.17,0
0,0,77.58,1,1,51.39,0,0,0,88.07,0
0,0,64.16,1,3,81.78,0,0,73.42,0,0
0,0,59.76,2,3,59.91,0,0,0,72.19,0
1,34.05,62.4,1,4,71.52,0,0,50.78,0,46.19
1,68.83,65.28,3,1,56.08,71.01,0,0,0,0
1,65.76,71.09,2,1,62.96,76.13,0,0,0,0
1,75.15,76.68,2,1,66.71,0,70.02,0,0,0
0,0,60.47,2,3,70.92,0,0,0,0,72.09
0,0,65.21,2,3,76,0,0,0,72.06,0
0,0,56.54,1,3,68.32,0,0,0,0,67.41
0,0,36.08,1,2,67.99,0,0,47.14,0,0
0,0,71.56,2,3,82.47,0,0,0,81.72,0
0,0,85.2,1,1,46.51,0,0,97.09,0,0
1,61.29,75.22,2,4,71.84,0,62.5,69.25,0,0
1,92.86,64.93,2,3,74.3,0,0,0,72.46,76.93
0,0,70.96,1,2,68.44,0,0,0,82.09,0
1,58.72,58.25,1,4,81.46,0,0,48.49,0,64.52
0,0,68.78,3,1,71.65,0,0,0,0,77.55
0,0,65.72,1,4,80.31,0,0,72.17,0,0
1,78.15,61.47,3,4,82.82,64.74,0,0,60.44,0
0,0,74.06,3,4,78.83,0,0,83.21,0,0
1,35.93,96,2,1,78.24,70.91,0,0,0,0
0,0,86.65,1,2,60.09,0,0,94.26,0,0
0,0,69.28,3,2,79.62,0,0,78.6,0,0
0,0,78.84,1,2,51.6,0,0,85.56,0,0
0,0,78.63,3,3,69.88,0,0,89.44,0,0
1,69.86,63.52,3,2,74.64,0,0,73.65,74.64,0
0,0,76.44,3,4,80.69,0,0,0,83.2,0
0,0,55.59,1,2,63.92,0,0,0,63,0
1,60.58,61.95,2,3,71.27,0,0,0,56.94,55.47
1,69.4,72.39,3,2,72.93,0,0,62.83,80.7,0
0,0,65.85,3,4,57.86,0,0,0,74.32,0
0,0,87.56,1,3,77.36,0,0,96,0,0
1,72.67,76.48,1,1,72.79,0,65.49,0,0,0
0,0,66.18,2,1,73.75,0,0,0,74.91,0
1,45.1,65.29,2,1,55.59,54.09,0,0,0,0
0,0,71.87,3,4,68.37,0,0,82.09,0,0
1,60.57,59.44,3,3,65.72,56.63,0,0,0,68.19
0,0,75.96,3,1,84.2,0,0,0,0,88.72
1,34.61,56.25,1,3,78.92,0,0,38.88,0,46.33
1,70.94,76.23,1,4,78.31,0,0,0,77.25,70.76
1,70.49,68.35,3,2,81.57,0,0,62.48,75.65,0
0,0,74.15,1,3,54.72,0,0,0,0,83.73
1,43.47,59.87,3,2,66.62,0,0,51.01,52.32,0
0,0,72.45,3,1,67.47,0,0,82.04,0,0
1,47.46,94.12,3,2,73.29,0,66.93,0,0,73.29
1,45.87,65.43,2,2,80.1,0,0,0,49.6,46.6
0,0,73.17,2,2,77.08,0,0,82.46,0,0
0,0,85.06,3,4,83.84,0,0,0,0,94.73
0,0,77.62,2,4,80.1,0,0,86.02,0,0
1,69.12,74.32,2,3,86.65,0,73.14,68.68,0,0
1,47.41,59.86,1,3,80.83,0,0,53.88,46.99,0
0,0,57.22,3,1,73.09,0,0,0,0,67
0,0,70.53,2,2,59.83,0,0,80.54,0,0
0,0,65.37,1,4,64.46,0,0,74.42,0,0
0,0,69.81,3,3,61.11,0,0,0,0,74.43
0,0,72.06,1,1,60.52,0,0,80.89,0,0
0,0,63.24,3,3,55.33,0,0,0,0,74.33
1,56.16,74.94,3,4,83.83,67.37,0,0,0,74.56
0,0,88.59,2,3,66.02,0,0,0,100,0
0,0,59.91,3,4,68.96,0,0,0,0,74
0,0,65.3,2,4,69.78,0,0,77.52,0,0
0,0,69.5,2,1,59.76,0,0,0,82.48,0
1,97.33,81.4,1,1,75.61,80.99,0,0,0,0
0,0,58.14,1,3,68.35,0,0,69.42,0,0
0,0,59.35,3,2,64.06,0,0,68.11,0,0
0,0,48.36,1,4,77.43,0,0,0,60.35,0
1,65.34,65.6,3,4,68.78,62.87,0,0,58.58,0
1,52.84,76.8,1,1,69.97,60,0,0,0,0
0,0,80.65,3,1,53.28,0,0,0,0,89.15
1,58.58,73.57,1,4,76.66,62.68,0,0,62.42,0
0,0,63.99,3,1,63.85,0,0,0,71.53,0
0,0,77.06,1,4,53.67,0,0,86.07,0,0
0,0,72.04,3,1,68.93,0,0,0,82.23,0
1,32.3,50.79,3,3,78.5,0,0,0,46.32,49.14
0,0,57.72,1,3,59.62,0,0,0,65.9,0
0,0,85.12,3,3,74.94,0,0,0,94.47,0
0,0,73.22,1,1,80.26,0,0,85.03,0,0
1,32.42,56.25,1,4,62.58,0,0,0,38.71,40.22
1,89.5,78.2,1,4,80.65,84.65,0,87.67,0,0
1,57.06,80.61,2,3,69.66,74.76,0,0,59.79,0
0,0,65.65,1,2,81.3,0,0,0,74.14,0
0,0,76.58,2,2,64.37,0,0,0,0,86.95
1,74.01,32.6,3,3,72.82,0,0,0,52.09,48.52
0,0,79.74,3,3,49.16,0,0,0,87.39,0
1,73.04,81.75,2,4,65.24,69.28,0,0,69.31,0
1,62.76,58.75,2,3,89.68,0,0,60.29,64.02,0
0,0,72.82,3,1,51.59,0,0,0,82.59,0
0,0,66.62,2,4,61.66,0,0,80.57,0,0
0,0,68.97,1,2,69.07,0,0,0,0,77.37
0,0,65.75,1,4,81.2,0,0,77.15,0,0
0,0,56.68,1,1,57.36,0,0,62.63,0,0
0,0,88.9,2,1,66.58,0,0,0,98.86,0
0,0,66.9,2,2,83.42,0,0,0,77.17,0
0,0,71.05,1,4,80.81,0,0,0,0,83.77
1,62.9,59.91,1,3,56.27,0,0,59.2,70.62,0
0,0,59.63,3,2,63.73,0,0,71.88,0,0
1,75.02,74.13,2,3,60.52,68.94,68.43,0,0,0
0,0,75.26,2,2,85.51,0,0,0,0,81.13
1,47.77,78.78,1,3,62.36,0,0,57.38,0,60.38
0,0,81.04,2,3,75.62,0,0,0,89.5,0
0,0,67.9,1,4,66.17,0,0,0,0,78.28
0,0,65.56,1,1,72.74,0,0,0,0,75.05
1,57.26,77.47,1,3,76.25,70.25,74.78,0,0,0
0,0,63.63,2,3,73.88,0,0,77.31,0,0
1,60.11,78.72,2,4,70.65,0,0,0,60.18,71.26
1,73.3,73.75,2,4,66.64,64.54,0,64.48,0,0
0,0,81.55,2,4,59.68,0,0,0,0,86.35
0,0,76.7,2,4,85.47,0,0,0,85.21,0
0,0,59.46,1,4,75.01,0,0,0,67.94,0
1,62.03,61.34,1,4,56.69,0,0,0,52.6,61.15
0,0,77.32,2,2,68.26,0,0,0,87.33,0
1,87.89,89.07,2,4,81.39,0,93.83,0,0,88.94
1,35.61,56.77,3,3,71.07,0,0,0,48.31,43.6
1,57.98,70.23,3,4,52.68,63.18,0,0,59.92,0
0,0,72.82,3,3,75.54,0,0,0,0,84.36
1,65.03,54.74,3,4,59.99,53.17,0,0,59.92,0
0,0,74.78,2,3,52.24,0,0,0,81.98,0
0,0,69.07,2,3,77.85,0,0,77.99,0,0
0,0,49.03,3,4,72.94,0,0,58.02,0,0
0,0,86.22,1,3,76.77,0,0,95.96,0,0
0,0,61.37,2,3,88.59,0,0,74.56,0,0
1,69.13,57.17,1,4,55.63,0,0,65.98,0,57.65
0,0,74.2,3,1,63.38,0,0,83.31,0,0
0,0,75.57,2,1,72,0,0,86.93,0,0
0,0,77.36,2,2,80.3,0,0,86.49,0,0
1,51.66,66.14,2,1,54.97,0,52.32,0,0,0
1,60.4,69.89,2,2,57.89,0,0,0,64.48,58.43
0,0,62.69,1,2,70.28,0,0,73.86,0,0
1,52.94,56.9,1,4,65.3,0,0,61.44,0,58.53
0,0,80.79,3,3,60.6,0,0,90.17,0,0
1,72.27,68.97,2,2,70.25,0,0,0,73.68,65.79
0,0,68.18,1,4,63.46,0,0,0,0,77.29
1,81.47,50.01,3,3,54.08,0,0,0,75.4,73.1
1,81.93,68.22,1,4,47.59,0,0,67.92,82.01,0
0,0,61.58,1,2,49.28,0,0,0,71.07,0
1,50.43,68.25,2,4,79.79,0,0,63.69,65.05,0
0,0,67.81,3,1,80.15,0,0,0,0,78.28
1,58.1,65.54,2,3,63.09,0,0,0,60.66,67.18
0,0,79.39,1,1,71.38,0,0,0,0,91.19
0,0,74.47,1,4,75.44,0,0,82.47,0,0
1,37.36,81.27,3,3,51.08,67.58,0,0,62.59,0
0,0,56.75,1,4,79.67,0,0,67.71,0,0
0,0,63.51,2,3,66.83,0,0,74.34,0,0
0,0,69.6,1,4,66.18,0,0,0,0,81.42
1,48.56,65.93,2,4,61.79,0,0,0,50.72,58.86
0,0,69.21,2,3,58.89,0,0,0,0,80.12
1,99.31,58.18,3,1,78.66,0,76.17,0,0,0
0,0,62.84,3,1,60.49,0,0,74.18,0,0
0,0,53.58,3,4,93.15,0,0,0,0,65.61
0,0,61.1,2,3,85.07,0,0,0,70.75,0
1,48.39,76.94,2,2,71.81,0,64.75,0,0,58.8
0,0,67.86,1,2,66.91,0,0,75.67,0,0
0,0,85.06,1,4,80.66,0,0,0,99.82,0
1,55.53,64.04,2,4,57.43,0,0,64.6,0,62.93
1,46.16,71.19,2,2,65.75,59.14,0,0,66.99,0
1,38.23,57.87,2,3,56.25,0,0,49.03,0,43.27
0,0,96.01,2,3,60.28,0,0,100,0,0
1,60.64,68.21,1,3,68.22,0,0,0,66.3,59.56
0,0,78.3,2,3,54.81,0,0,0,0,88.17
1,61.39,74.13,1,4,70.86,68.62,0,0,73.74,0
1,58.51,64.16,1,1,65.51,0,67.69,0,0,0
1,44.24,56.69,3,1,77.32,0,54.94,0,0,0
1,55.41,71.56,1,1,79.57,0,73.34,0,0,0
1,53.42,64.43,1,3,65.82,0,0,66.44,58.76,0
0,0,68.44,1,2,64.23,0,0,83.88,0,0
0,0,76.51,2,1,68.23,0,0,0,0,89.48
1,68.07,70.78,1,3,78.37,0,67.35,64.42,0,0
0,0,73.77,1,3,61.63,0,0,0,0,83.27
1,56.99,71.5,3,3,79.75,74,0,0,58.68,0
0,0,55.33,2,1,68.44,0,0,0,0,68.45
0,0,83.96,2,3,74.91,0,0,0,92.74,0
1,67.31,81.76,3,1,55.81,82.39,0,0,0,0
1,47.41,58.64,3,2,51.19,0,0,0,49.11,46.69
0,0,75.05,1,3,77.06,0,0,84.5,0,0
0,0,63.38,3,1,58.44,0,0,0,0,71.79
0,0,62.53,3,2,56.21,0,0,71.37,0,0
1,55.93,69.95,1,4,55.05,0,0,71.78,71.98,0
1,40.24,87.48,3,3,63.03,60.2,0,0,67.23,0
0,0,80.58,2,4,95.48,0,0,0,90.29,0
0,0,76.05,3,1,51.82,0,0,0,0,83.72
0,0,58.49,1,3,71.11,0,0,0,67.81,0
0,0,95.54,3,4,87.37,0,0,0,0,100
0,0,78.74,2,3,62.65,0,0,0,87.59,0
0,0,46.51,2,3,69.95,0,0,0,56.94,0
1,60.42,73.99,3,2,64.17,0,0,63.88,0,59.97
1,53.62,65.11,1,4,77.21,0,0,60.74,53.53,0
1,81.33,74.1,1,4,74.2,0,0,0,72.94,69.97
1,66.85,74.01,2,3,63.74,0,72.6,0,71.2,0
1,52.07,60.81,2,2,51.9,0,0,0,56.14,52.93
1,58.38,88.26,3,1,61.99,0,70.45,0,0,0
1,48.89,72,3,3,63.94,67.3,0,0,0,51.27
1,50.88,79.41,1,2,74.99,70.55,0,57.09,0,0
0,0,83.51,2,1,54.94,0,0,0,0,91.01
0,0,62.62,1,4,68.68,0,0,0,0,71.29
0,0,60.88,1,1,84.67,0,0,0,0,65.85
0,0,81.22,3,2,59.07,0,0,0,89.13,0
0,0,83.93,2,4,77.16,0,0,0,0,92.46
0,0,56.23,3,1,96.63,0,0,0,0,67.28
0,0,90.11,3,4,56.37,0,0,0,100,0
1,49.33,67.64,1,4,69.11,0,0,64.97,0,50.59
0,0,76.92,1,4,77.94,0,0,0,84.94,0
1,56.27,75.64,2,3,67.13,0,0,0,56.48,73.36
0,0,60.29,1,3,62.55,0,0,0,70.19,0
1,35.37,61.36,1,4,67.08,0,0,42.5,0,40.51
0,0,49.16,3,4,59.09,0,0,62.02,0,0
1,49.37,58.49,3,1,67.64,0,49.06,0,0,0
1,59.76,55.18,2,1,70.72,0,51.24,0,0,0
0,0,70.4,1,3,65.83,0,0,0,0,80.88
1,74.31,83.69,1,1,66.9,86.03,0,0,0,0
1,68.16,69.73,1,2,71.24,0,0,0,67.3,67.58
0,0,73.39,3,1,67.26,0,0,0,82.91,0
1,50.76,77.78,3,1,64.46,64.19,0,0,0,0
0,0,76.8,3,1,71.51,0,0,0,84.69,0
0,0,66.14,3,3,75.36,0,0,0,0,74.43
0,0,55.37,1,3,74.25,0,0,0,0,65.71
1,62.59,65.7,2,1,76.32,0,61.99,0,0,0
1,35.26,70.63,2,4,78.57,50.93,0,0,0,43.93
0,0,61.28,1,3,59.46,0,0,0,72.22,0
0,0,73.62,1,1,57.51,0,0,0,87.86,0
1,71.74,67.07,1,3,67.91,0,0,61.69,0,75.5
0,0,76.22,3,3,60.33,0,0,0,0,91.08
0,0,61.97,3,2,73.61,0,0,0,0,72.17
1,54.65,60.78,2,2,69.69,0,0,49.15,0,65.46
0,0,87.74,1,1,72.65,0,0,96.41,0,0
1,62.26,70.29,3,1,66.93,0,73.3,0,0,0
1,56.17,75.53,2,1,69.93,62.05,0,0,0,0
0,0,59.02,2,4,76.51,0,0,0,67.95,0
0,0,66.23,3,1,82.41,0,0,73.16,0,0
1,64.48,76.82,2,3,87.39,61.47,0,0,64.65,0
1,73.66,85.66,1,3,68.26,0,73.4,0,0,80.25
1,59.55,62.76,3,3,75.27,0,0,0,54.36,52.55
0,0,61.97,2,1,69.34,0,0,0,72.74,0
0,0,69.77,3,4,59.91,0,0,0,0,76.82
1,41.59,54.76,2,2,76.83,0,0,0,49.74,54.21
0,0,69.7,1,2,71.08,0,0,0,0,79.23
0,0,69.35,1,1,60.93,0,0,0,0,77.36
1,61.03,77.25,2,2,73.57,0,0,0,63.51,77.48
1,55.92,84.15,2,2,72.94,0,63.92,71.27,0,0
0,0,75.7,1,2,69.7,0,0,0,85.07,0
0,0,77.42,2,1,55.17,0,0,85.85,0,0
0,0,70.52,3,4,60.79,0,0,0,0,78.68
0,0,66.4,3,3,68.51,0,0,0,0,75.67
1,60.6,50.04,3,2,78.64,0,0,53.78,0,58.01
1,55.08,61.14,2,4,66.84,0,0,53.37,66.3,0
1,81.84,72.17,1,3,69.21,0,85.33,0,0,70.31
1,60.83,53.54,3,1,73.28,50.52,0,0,0,0
0,0,72.43,2,4,88.99,0,0,0,0,83.82
0,0,65.99,1,4,74.46,0,0,0,76.89,0
1,66.89,59.78,3,1,65.7,63.69,0,0,0,0
0,0,65.3,2,3,62.34,0,0,0,0,73.5
0,0,77.29,3,1,67.98,0,0,0,0,89.17
1,35.38,78.86,3,1,55.81,50.66,0,0,0,0
0,0,50.63,1,2,80.16,0,0,61.05,0,0
0,0,68.51,2,1,71.62,0,0,77.13,0,0
0,0,79.14,3,2,65.6,0,0,0,0,89.02
1,78.25,67.42,1,1,85.19,63.03,0,0,0,0
0,0,71.09,1,2,62.15,0,0,75.73,0,0
1,90.52,55.05,3,2,100,0,0,0,66.5,73.85
1,75.81,65.2,3,4,69.07,0,0,0,61.22,65.56
0,0,88.29,2,2,61.36,0,0,100,0,0
1,68.39,62.12,3,4,58.56,0,0,0,59.78,65.73
1,44.04,55.59,1,3,50.5,0,0,54.71,0,48.75
0,0,71.49,1,3,80.45,0,0,0,0,77.48
0,0,77.89,2,3,57.45,0,0,0,86.5,0
0,0,81.94,3,1,61.35,0,0,90.35,0,0
0,0,64.82,3,2,62.02,0,0,0,0,72.21
0,0,72.22,3,2,71.73,0,0,79.99,0,0
1,47.1,75.44,1,3,56.71,55.01,0,0,65.75,0
1,72.89,76.49,3,4,63.89,76,0,0,0,78.3
1,47.86,64.53,1,3,66.52,0,0,50.48,63.39,0
0,0,87.13,3,1,60.58,0,0,0,0,96.76
1,78,63.13,3,1,90.11,0,78.23,0,0,0
1,66.84,77.08,1,3,66.23,0,80.82,0,69.79,0
0,0,69.78,1,1,55.78,0,0,0,78.01,0
1,60.62,64.13,3,1,60.08,0,60.43,0,0,0
0,0,63.57,3,1,64.16,0,0,0,0,73.48
0,0,64.14,2,3,64.13,0,0,0,72.17,0
0,0,65.53,2,3,67.48,0,0,0,0,78.45
0,0,59.81,3,3,59.63,0,0,71.31,0,0
1,44.96,76.97,2,2,60.78,0,0,0,53.84,69.16
1,45.35,62.96,3,4,67.6,45.63,0,0,58.74,0
1,51.16,63.85,1,3,80.88,0,0,53.85,67.41,0
1,27.32,74.89,3,3,66.77,0,0,0,57.81,58.24
1,50.56,68.92,2,3,54.27,0,0,59.07,0,52.23
0,0,55.78,2,4,84.15,0,0,58.95,0,0
1,61.18,60.64,3,2,56.77,0,0,69.31,57.05,0
0,0,68.03,2,1,69.87,0,0,0,0,77.09
1,41.4,64.25,3,3,83.57,55.5,0,0,0,44.27
1,73.5,77.5,2,4,67.61,0,0,78.73,0,68.83
1,87.03,62.36,1,3,51.48,0,0,0,75.43,84.32
1,56.88,60.33,1,3,80.83,0,0,57.55,0,62.32
1,83.62,59.89,1,3,71.01,0,0,0,73.38,77.09
0,0,74.07,1,2,67.96,0,0,0,0,86.73
0,0,74.83,1,1,73.03,0,0,0,85.2,0
1,76.76,53.28,3,4,67.59,0,0,0,64.17,56.81
1,36.54,76.22,3,1,61.47,0,57.51,0,0,0
0,0,78.61,3,2,61.87,0,0,0,0,90.13
0,0,53.09,2,2,60.24,0,0,60.52,0,0
1,60.46,63.1,3,2,67.65,0,0,67.2,53.81,0
1,59.45,84.29,3,2,70.04,0,69.3,0,0,77.66
1,79.05,80.06,2,2,83.23,0,0,84.42,75.23,0
1,49.35,70.25,1,2,69.57,0,68.4,0,56.72,0
0,0,75.01,1,3,60.81,0,0,82.84,0,0
0,0,91.12,2,2,77.98,0,0,0,100,0
0,0,75.03,3,3,65.96,0,0,85.75,0,0
0,0,57.79,2,1,76.96,0,0,0,0,67.16
0,0,83.65,2,1,77.9,0,0,0,93.95,0
0,0,61.29,2,1,76.13,0,0,0,73.25,0
1,47.87,79.94,1,3,76.58,0,65.74,63.06,0,0
1,43.44,76.56,2,4,64.87,64.63,0,0,67.32,0
0,0,78.9,3,4,70.95,0,0,0,0,91.39
0,0,85.41,1,4,85.95,0,0,0,95.82,0
0,0,55.34,1,4,71.98,0,0,0,0,64.35
0,0,69.3,3,1,52.68,0,0,81.95,0,0
1,51.03,89.46,1,2,76.17,0,0,73.22,0,64.14
1,37.2,79.76,3,3,72.11,0,0,0,50.67,64.92
0,0,71.77,3,1,69.26,0,0,82.21,0,0
0,0,59.77,2,1,74.25,0,0,0,0,67.1
1,41.1,71.07,1,2,80.53,0,0,59.72,55.9,0
0,0,60.88,2,4,69.6,0,0,0,0,72.38
1,80.14,55.32,1,1,58.5,0,77.12,0,0,0
1,48.9,75.76,2,3,64.09,0,0,70.33,72.28,0
0,0,70.65,3,2,61.85,0,0,79.3,0,0
0,0,62.26,1,1,100,0,0,0,0,71.86
1,62.97,73.95,1,1,72.36,0,60.99,0,0,0
1,61.47,64.96,2,2,74.5,0,0,53.55,0,55.32
0,0,87.8,1,2,70.85,0,0,0,0,96.74
1,62.38,69.69,1,2,77.44,0,0,56.4,59.09,0
0,0,85.77,2,4,69.03,0,0,0,0,97.47
0,0,61.87,2,2,68.64,0,0,0,0,73.81
1,37.01,76.13,1,4,71.98,0,0,0,47.58,63.38
1,34.32,88.44,1,4,86.09,53.7,0,0,57.08,0
0,0,72.71,1,2,64.32,0,0,82.9,0,0
0,0,81.36,2,4,80.18,0,0,90.92,0,0
1,58.79,52.62,3,4,62.2,45.86,0,0,58.15,0
0,0,77.07,2,4,91.54,0,0,0,89.13,0
0,0,70.3,3,1,58.81,0,0,76.51,0,0
0,0,77.65,2,3,76.92,0,0,90.36,0,0
1,70.55,78.68,3,2,74.13,0,84.32,0,0,65.13
1,73.94,47.44,2,3,77.78,0,0,61.14,0,64.64
1,65.57,65.56,3,1,75.76,72.36,0,0,0,0
0,0,63.3,1,3,81.22,0,0,0,0,73.1
1,69.65,71.52,1,3,64.46,64.71,66.08,0,0,0
1,70.33,50.59,1,3,76,0,0,68.49,0,63.93
0,0,59.09,2,4,68.23,0,0,0,67.81,0
0,0,80.02,1,1,78.87,0,0,0,89.93,0
1,70.63,71.77,2,2,82.45,0,0,67,0,67.57
1,66.34,59.12,2,2,50.04,0,0,60.11,65.22,0
1,13.25,67.47,3,2,67.74,0,0,35.95,0,45.96
1,69.67,80.98,1,4,77.85,0,0,74.29,83.84,0
0,0,51.6,1,3,50.59,0,0,0,0,57.92
1,69.95,67.89,1,1,51.98,0,61.8,0,0,0
1,57.69,67.7,1,1,73,0,68.53,0,0,0
0,0,71.87,2,1,67.72,0,0,81.25,0,0
0,0,75.04,3,4,88.12,0,0,83.4,0,0
1,46.7,89.1,2,4,72.08,0,77.54,0,73.59,0
1,57.79,75.54,1,1,81.54,0,58.63,0,0,0
1,75.9,64.13,2,3,79.41,0,0,0,62.89,76.3
1,60.39,82.58,1,3,60.61,0,0,65.23,66.02,0
1,58.28,61.41,2,2,62.62,0,0,60.94,67.4,0
0,0,74.36,1,4,64.15,0,0,0,85.45,0
0,0,85.71,3,1,66.57,0,0,0,97.15,0
1,59.91,80.77,3,4,83.97,79.8,0,0,61.59,0
0,0,78.11,3,1,64.38,0,0,0,0,85.7
1,83.33,47.68,2,3,73.39,0,0,73.54,0,67.16
0,0,68.99,3,4,88.26,0,0,77.08,0,0
1,55.71,64.13,2,2,75.57,0,0,54.06,0,60.9
1,82.45,83.25,2,2,82.09,83.78,0,0,0,92.54
0,0,78.41,3,2,66,0,0,0,87.03,0
1,70.78,72.61,3,4,64.75,76.33,0,0,62.43,0
1,41.76,77.94,2,2,81.94,55.92,0,0,58.02,0
1,62.11,63.5,2,4,77.35,0,0,52.84,0,59.87
1,48.84,76.34,1,4,70.28,54.64,0,61.65,0,0
1,57.61,70.95,3,2,73.21,0,0,72.8,70.84,0
1,63.6,53.17,1,2,72.13,0,0,0,50.82,68.22
0,0,73.44,2,3,53.48,0,0,0,84.77,0
0,0,77.07,3,3,68.3,0,0,90.15,0,0
1,79.09,81.93,3,1,62.53,0,88.84,0,0,0
1,34.56,75.27,3,3,84.13,0,0,0,57.38,55.41
0,0,80.07,3,4,81.45,0,0,0,0,89.73
0,0,52.68,1,1,63.19,0,0,0,0,62.42
0,0,66.27,3,4,85.34,0,0,79.21,0,0
0,0,68.57,3,2,64.13,0,0,80.08,0,0
1,73.17,66.7,1,3,72.7,0,0,60.45,0,78.46
1,61.3,69.11,2,4,63.07,0,0,61.23,0,68.95
0,0,64.23,2,2,74.04,0,0,74.48,0,0
0,0,77.36,3,4,70.89,0,0,0,87.64,0
0,0,60.09,2,3,76.42,0,0,67.3,0,0
0,0,71.25,1,4,80.69,0,0,80.12,0,0
1,68.75,70.73,3,3,71.51,74.2,0,0,0,67.91
0,0,71.44,3,4,55.34,0,0,84.85,0,0
0,0,60.52,2,1,63.78,0,0,66.44,0,0
0,0,83.99,1,3,53.58,0,0,0,97.17,0
1,36.65,67.74,1,2,70.81,0,0,0,59.59,48.99
1,40.05,55.61,1,3,59.55,0,0,39.96,0,45.86
1,54.67,78.01,1,4,65.36,0,56.51,0,74.32,0
0,0,69.97,3,4,68.7,0,0,0,82.99,0
1,82.3,69.03,3,2,69.12,0,0,82.88,0,69.62
1,53.85,69.04,3,1,87.48,0,61.39,0,0,0
0,0,73.95,1,3,70.64,0,0,0,0,84.66
1,82.3,69.47,1,3,70.32,0,0,69.96,76.25,0
0,0,62.27,1,4,76.97,0,0,0,71.22,0
1,67.53,55.81,1,3,65.2,0,0,0,60.75,64.36
1,59.16,73.03,2,3,75.71,69.35,0,0,75.46,0
0,0,54.82,2,1,82.08,0,0,63.99,0,0
0,0,81.2,3,3,76.37,0,0,0,0,91.9
1,58.15,60.46,2,3,68.1,0,0,54.47,61.99,0
1,67.57,61.5,3,2,59.43,0,0,61.82,68.46,0
0,0,60.18,2,1,62.19,0,0,0,68.44,0
1,70.7,56.37,1,4,71.61,0,0,0,66.77,63.54
0,0,62.27,3,3,62.57,0,0,0,0,69.86
0,0,67.16,2,4,92.99,0,0,80.62,0,0
0,0,46.72,1,3,70,0,0,0,59.32,0
1,44.59,45.55,1,4,56.34,0,0,0,43.99,38.55
1,64.85,62.84,2,1,81.2,62.46,0,0,0,0
1,39.46,78.83,3,3,66.91,52.76,0,0,0,67.52
1,48.51,57,2,4,70.91,0,0,0,53.68,62.62
1,79.22,69.24,3,4,69.5,0,0,0,71.97,66.59
0,0,84.31,3,4,70.68,0,0,93.96,0,0
1,35.01,56.77,1,1,78.84,41.43,0,0,0,0
0,0,65.62,1,2,72.38,0,0,0,74.78,0
0,0,62.57,3,1,59.42,0,0,0,74.45,0
1,59.77,78.92,3,1,81.17,79.27,0,0,0,0
0,0,74.64,3,3,71.02,0,0,0,0,84.39
1,76.21,76.18,3,1,75.21,0,77.07,0,0,0
0,0,94.96,3,4,71.36,0,0,0,0,100
0,0,86.29,2,2,59.07,0,0,0,97.65,0
0,0,69.01,2,1,65.21,0,0,0,0,78.18
1,68.56,67.98,2,2,59.12,0,0,64.36,0,76.56
1,83.14,55.51,3,3,52.28,60.13,0,0,68.89,0
1,59.99,52.86,2,2,71.77,0,0,61.34,0,54.09
1,65.61,69.5,3,1,67.48,73.68,0,0,0,0
0,0,57.01,1,4,56.75,0,0,0,0,67.08
1,48.01,76.25,3,1,60.58,0,67.85,0,0,0
1,82.67,62.08,1,2,68.15,0,0,81.11,77.33,0
0,0,64.17,1,2,53.8,0,0,73.06,0,0
0,0,54.47,1,1,72.52,0,0,66.39,0,0
1,61.1,91.1,2,1,53.35,85.11,0,0,0,0
0,0,77.59,3,1,88.44,0,0,0,89.05,0
1,50.6,62.9,3,1,66.99,0,64.24,0,0,0
0,0,71.51,2,2,68.62,0,0,0,80.25,0
1,81.22,83.23,3,1,89.07,83.79,0,0,0,0
0,0,60.72,1,4,58.64,0,0,68.31,0,0
1,36.3,89.07,3,2,62.57,69.63,65.42,0,0,0
0,0,59.68,2,3,54.74,0,0,0,0,69.07
1,43.75,68.23,2,4,56.23,0,0,52.38,47.43,0
1,58.04,53.5,3,1,69.58,0,55.43,0,0,0
1,81.01,44.61,3,4,66.93,63.05,0,0,70.5,0
1,50.23,80.1,2,2,74.94,0,0,66.26,62.83,0
1,67.57,70.86,2,1,56.29,0,60.88,0,0,0
1,79.55,52.66,1,4,79.02,0,0,69.63,0,62.34
0,0,53.59,2,4,61.24,0,0,0,60.22,0
1,57.86,81.45,1,1,80.75,0,78.02,0,0,0
0,0,68.49,3,1,56.74,0,0,0,0,79.22
1,41.96,84.31,3,1,65.24,0,69.07,0,0,0
0,0,76.37,3,4,69.08,0,0,0,82.68,0
1,56.99,69.33,2,4,72.55,0,0,54.87,0,68.14
0,0,70.32,1,2,63.52,0,0,0,82.33,0
1,59.29,64.45,3,3,76.76,66.2,0,0,0,51.91
0,0,70.98,3,2,62.17,0,0,82.41,0,0
1,48.23,69.39,2,2,67.39,0,0,53.17,65.31,0
0,0,78.38,1,4,68.41,0,0,0,88.99,0
0,0,68.37,1,1,64.08,0,0,81.13,0,0
0,0,78.24,1,1,70.63,0,0,0,0,89.19
1,55.78,79.21,1,3,61.62,75.82,0,0,62.79,0
0,0,71.81,2,3,76.05,0,0,0,81.29,0
1,66.67,56.87,3,4,53.59,0,0,0,58.32,70.16
1,75.34,68.4,2,4,61.41,0,0,0,62.4,81.31
1,52.53,50.94,1,2,78.96,0,0,43.24,47.77,0
1,53.53,57.93,3,3,85.49,0,0,0,55.74,61.88
0,0,77.3,3,3,69.97,0,0,0,86.96,0
1,67.95,74.95,1,4,55.18,0,0,64.58,68.44,0
0,0,69.97,2,2,77.25,0,0,0,0,83.68
1,54.36,66.98,3,4,91.21,0,0,0,51.79,58.66
0,0,62.61,3,2,46.81,0,0,0,0,70.79
1,39.27,64.87,1,2,65.28,0,0,0,42.7,61.41
1,58.31,79.65,2,3,88.18,0,73.12,62.14,0,0
0,0,74.77,1,1,64.13,0,0,85.01,0,0
1,64.43,56.29,1,1,62.97,68.16,0,0,0,0
1,43.52,71.99,1,3,65.92,0,0,48.15,51.79,0
1,39,71.4,1,2,71.5,60.64,47.63,0,0,0
1,62.62,86.49,3,1,58.31,0,75.05,0,0,0
1,35.21,52.42,1,3,71.99,0,0,33.93,34.83,0
1,75.99,62.17,1,4,72.42,0,0,76.2,71.23,0
1,60.96,79.74,2,3,83.35,0,65.66,0,0,71.27
1,35.89,58.89,2,4,72.44,0,0,46.17,57.26,0
0,0,93.86,3,4,56.79,0,0,100,0,0
1,49.14,58.21,3,4,64.73,0,0,0,60.86,57.67
0,0,70.29,1,2,61.62,0,0,0,0,81.65
1,37.65,75.6,2,1,64.82,0,63.62,0,0,0
0,0,78.81,2,4,78.71,0,0,86.3,0,0
0,0,77.15,2,1,62.75,0,0,85.75,0,0
0,0,65.38,1,4,59.05,0,0,0,0,75.12
1,76.92,79.13,2,3,82.78,69.47,0,0,87.85,0
1,61.57,62.45,3,2,62.26,0,0,55.57,67.9,0
0,0,64.65,3,3,60.47,0,0,0,0,73.83
1,54.98,74.57,1,4,85.1,56.01,0,0,56.95,0
1,46.81,85.1,1,3,77.09,72.09,0,0,0,60.92
0,0,67.72,1,3,67.87,0,0,0,76.77,0
1,73.13,61.1,1,2,55.91,0,0,0,65.09,58.16
0,0,82.1,2,3,65.67,0,0,0,0,88.7
0,0,57.35,3,4,68.49,0,0,70.3,0,0
1,65.64,88.38,2,2,55.61,0,67.06,73.78,0,0
0,0,60.16,2,3,69.32,0,0,0,0,68.55
1,72.15,76.41,3,2,77.34,0,80.93,75.47,0,0
1,76.2,79.27,2,4,71.3,84.98,79.78,0,0,0
1,76.41,77.85,1,1,70.99,67.35,0,0,0,0
1,43.59,72.27,2,3,84.4,66.56,0,0,64.49,0
0,0,70.5,1,3,81.74,0,0,80.16,0,0
1,76.98,53.47,2,3,77.07,0,0,69.74,0,62.26
1,34.73,62.19,1,4,48.01,0,0,43.99,0,50.18
1,52.51,77.25,1,3,79.09,71.98,0,0,59.01,0
0,0,76.63,2,3,69.65,0,0,0,0,89.48
0,0,59.62,3,3,80.65,0,0,0,0,69.21
1,44.81,73.47,3,3,66.68,0,0,0,64.2,50.97
1,78.76,72.52,2,4,61.74,69.29,81.77,0,0,0
1,56.48,87.51,2,4,63.7,0,62.8,0,0,71.98
1,47.05,65.82,1,4,52.86,0,0,55.68,60.13,0
1,44.47,64.8,2,1,81.24,0,63.89,0,0,0
0,0,60.77,3,4,83.65,0,0,0,0,70.43
1,59.83,60.01,2,4,76.94,0,0,0,55.45,59.43
0,0,73.75,2,2,69.28,0,0,0,81.54,0
0,0,62.96,3,2,76.51,0,0,0,0,73.11
1,38.52,80.75,3,1,65.11,0,54.09,0,0,0
0,0,63.73,3,2,56.54,0,0,0,0,71.24
1,76.05,85.34,3,4,74.4,0,0,0,89.72,71.33
0,0,74.18,2,2,63.74,0,0,83.53,0,0
0,0,72.58,2,1,71.62,0,0,0,81.74,0
1,43.53,58.5,1,2,59.15,0,0,60.25,48.55,0
0,0,73.29,3,2,61.47,0,0,80.74,0,0
1,47.08,70.46,2,4,90.08,62.48,67.7,0,0,0
1,52.36,76.32,2,2,79.83,66.96,0,61.83,0,0
1,76.48,64.89,3,3,79.59,61.68,0,0,67.79,0
1,58.09,55.46,3,4,52.66,49.7,0,0,0,54.95
1,72.2,72.75,2,2,72.43,0,77.4,0,0,73.24
1,67.1,71.4,2,4,60.02,0,72.24,0,73.11,0
0,0,72.44,2,3,62.33,0,0,86.99,0,0
0,0,80.06,2,2,84.53,0,0,89.7,0,0
1,56.68,60.6,2,4,85.15,0,0,0,56.84,63.75
0,0,46.18,3,4,59.51,0,0,0,56.86,0
0,0,74.75,3,4,60.72,0,0,80.51,0,0
1,84.44,74.06,1,2,74.48,80.16,0,0,0,79.85
0,0,65.23,3,1,75.7,0,0,76.77,0,0
1,55.5,71.71,1,4,67.77,59.16,0,0,55.62,0
1,44.9,59.52,2,3,65.89,0,0,0,52.48,50.17
0,0,48.94,2,3,69.96,0,0,0,60.94,0
1,86.95,53.07,3,3,76.13,63.63,0,0,0,65.14
1,56.93,70.42,3,3,64.32,0,0,0,63.46,57.18
1,53.28,83.83,2,2,46.3,0,59.73,0,62.4,0
1,57.02,66.1,2,3,61.03,0,0,57.31,58.34,0
0,0,78.14,2,4,59.43,0,0,0,0,88.07
1,45.52,64.06,2,4,63.24,0,0,61.57,53.04,0
0,0,69.45,3,4,78.81,0,0,0,0,76.76
1,53.64,77.97,2,3,68.49,0,66.84,0,61.61,0
0,0,71.33,3,4,73.31,0,0,0,79.86,0
0,0,64.58,1,4,75.6,0,0,0,72.2,0
1,74.82,61.35,2,2,70.9,0,0,0,61.85,65.18
0,0,69.07,2,4,79.99,0,0,0,75.72,0
1,48.47,81.82,1,2,54.47,75.14,0,0,60.2,0
1,42.46,54.29,3,2,68.21,0,0,0,57.19,43
0,0,78.59,1,4,92.1,0,0,0,88.55,0
0,0,72.84,1,2,82.06,0,0,0,0,81.48
0,0,60.31,2,1,66.61,0,0,0,70.53,0
0,0,69.82,3,1,76.18,0,0,0,80.78,0
1,39.45,67.96,2,2,55.32,0,0,0,56.88,44.03
0,0,60.52,2,4,53.17,0,0,0,0,69.2
1,62.75,64.61,3,2,48.82,0,0,59.66,68.96,0
0,0,57.44,2,4,80.98,0,0,0,70.12,0
0,0,49.28,2,3,55.46,0,0,61.19,0,0
1,65.48,71.51,2,2,93.6,0,60.43,0,66.4,0
0,0,80.44,1,2,67.3,0,0,92.43,0,0
1,68.82,86.33,3,1,60.54,82.24,0,0,0,0
0,0,58.89,3,4,58.56,0,0,0,0,69.23
0,0,91.47,3,1,68.03,0,0,0,100,0
1,29.71,85.26,2,3,83.33,49.86,0,0,0,58.15
1,45.24,84.23,2,3,70.22,69.69,58.28,0,0,0
1,57.18,62.14,3,2,72.1,0,0,0,62.98,57
1,67.3,64.38,1,4,78.53,0,0,0,71.88,66.86
1,58.4,50.62,3,1,53.14,0,63.28,0,0,0
1,52.6,71.91,3,1,76.66,0,69.37,0,0,0
1,68.93,66.06,2,4,75.77,0,0,77,0,62.62
0,0,71.62,2,3,72.55,0,0,0,82.47,0
1,56.52,61.65,2,3,68.07,0,0,0,68.47,55.61
0,0,76.73,1,1,63.12,0,0,0,0,86.94
0,0,73.43,2,2,78.81,0,0,0,85.43,0
1,45.94,58.56,1,1,61.87,58.36,0,0,0,0
0,0,69.54,3,3,76.29,0,0,0,76.02,0
0,0,72.85,2,4,86.83,0,0,81.71,0,0
1,64.99,90.08,3,2,58.14,0,76.42,0,0,74.77
0,0,70.96,2,1,86.34,0,0,83.09,0,0
1,67.6,60.6,3,1,75.51,0,57.78,0,0,0
0,0,66.84,1,4,65.09,0,0,0,0,79.29
0,0,69.69,3,1,63.53,0,0,79.35,0,0
1,68.35,68.66,2,4,54.08,0,0,74.43,61.59,0
0,0,51.59,3,1,75.26,0,0,0,0,59.44
0,0,66.68,1,3,76.98,0,0,74.62,0,0
1,57.17,63.07,2,1,65.51,0,63.49,0,0,0
1,42.36,67.39,3,2,73.03,0,0,62.3,0,50.34
0,0,91.21,2,3,84.29,0,0,100,0,0
0,0,61.68,1,3,60.77,0,0,0,69.62,0
1,59.45,84.38,2,3,74.71,65.32,79.69,0,0,0
0,0,81.61,3,3,72.72,0,0,0,91.34,0
1,66.29,76.83,2,2,74.15,0,0,64.81,0,71.71
1,73.87,70.03,1,1,68.3,69.37,0,0,0,0
0,0,76.54,1,3,61.41,0,0,0,0,83.79
1,75.18,65.5,3,4,68.9,66.23,0,0,74.56,0
1,59.34,64.54,2,1,78.9,64.63,0,0,0,0
0,0,62.52,2,1,62.14,0,0,0,0,72.07
1,68.57,72.74,1,4,74.47,0,65.46,0,72.65,0
0,0,67.9,1,2,75.7,0,0,78.66,0,0
0,0,67.6,3,1,70.61,0,0,77.87,0,0
0,0,84.2,1,2,68.47,0,0,0,0,93.73
1,40.4,62.95,1,3,92.95,0,0,50.84,43.4,0
0,0,77.35,2,3,81.27,0,0,87.68,0,0
0,0,64.78,2,1,62.84,0,0,76.47,0,0
0,0,54.08,3,3,80.7,0,0,0,63.49,0
0,0,55.74,2,2,75.29,0,0,69.29,0,0
1,59.48,65.08,3,4,77.26,0,0,0,64.87,58.69
1,61.09,76.3,3,4,70.24,62.38,0,0,58.98,0
0,0,76.42,2,4,57.01,0,0,0,0,86.13
1,54.34,67.59,1,3,46.93,0,0,57.39,62.54,0
1,72.82,76.18,3,1,60.64,0,72.9,0,0,0
1,65.14,70.76,2,2,66.84,0,0,0,65.59,76.23
0,0,67.39,1,3,74.72,0,0,75.47,0,0
1,96.96,78.55,3,3,63.14,0,0,0,87.38,96.92
1,62.91,81.88,3,1,57.19,64.55,0,0,0,0
1,76.98,80.16,3,3,66.07,70.81,0,0,87.55,0
1,51.59,66.93,2,2,79.66,0,0,54.17,0,60.95
1,39.56,75.68,1,1,55.98,0,54.92,0,0,0
0,0,48.71,3,4,65.87,0,0,0,58.77,0
1,55.98,71.95,1,2,61.37,0,54.42,0,0,73.8
1,52.55,73.61,2,2,57.22,60.78,0,67.74,0,0
0,0,71.52,1,3,72.31,0,0,0,0,79.84
0,0,67.78,1,1,73.38,0,0,0,78.1,0
0,0,83.05,2,2,32.6,0,0,0,0,94.63
0,0,69.07,2,3,70.45,0,0,0,0,80.76
1,53.5,68.6,2,1,64.55,0,54.15,0,0,0
1,60.57,67.59,3,1,65.64,0,71.56,0,0,0
1,85.71,80.34,3,2,68.28,0,75.83,0,0,92.02
1,48.48,67.08,2,3,84.31,0,0,65.34,0,61.09
1,71.5,61.66,2,2,67.93,0,0,74.55,0,56.98
0,0,68.91,2,2,80.79,0,0,77.13,0,0
1,53.11,87.08,1,1,59.31,0,64.3,0,0,0
0,0,66.99,1,1,78.32,0,0,0,77.28,0
0,0,76.16,2,3,72.14,0,0,0,84.6,0
0,0,67.22,2,1,60.31,0,0,76.86,0,0
1,59.25,67.23,3,2,69.42,0,0,69.99,0,54.37
1,47.35,64.39,1,4,70.82,0,0,0,63.84,56.62
0,0,57.84,3,3,71.09,0,0,0,0,69.69
0,0,68.9,2,3,91.6,0,0,0,0,78.57
0,0,77.18,1,2,69.86,0,0,0,88.42,0
0,0,85.76,1,1,65.37,0,0,94.84,0,0
0,0,74.42,1,4,88.38,0,0,0,87.07,0
0,0,61.83,1,3,58.24,0,0,0,72.86,0
1,68.75,77.46,2,3,91.24,77.19,0,0,0,75.81
0,0,74.54,3,1,61.64,0,0,0,0,81.32
0,0,83.98,1,1,61.31,0,0,96.99,0,0
0,0,90.9,1,1,79.46,0,0,0,0,100
0,0,82.15,3,4,71.53,0,0,90.63,0,0
0,0,66.07,1,1,69.68,0,0,75.34,0,0
1,53.71,68.41,1,2,80.61,0,0,0,68.29,55.06
0,0,81.58,2,1,78.74,0,0,0,94.01,0
1,67.49,64.92,3,1,86.97,0,57.11,0,0,0
0,0,68.6,3,3,77.96,0,0,0,0,80.6
0,0,76.34,3,2,59.89,0,0,85.84,0,0
1,46.23,80.71,1,4,58.89,0,0,65.99,73.38,0
0,0,72.23,3,4,74.32,0,0,0,0,79.32
1,33.38,41.07,2,1,75.53,0,40.41,0,0,0
1,52.9,73.39,2,4,52.23,0,0,69.56,71.36,0
1,56.95,66.88,2,3,70.03,0,0,0,63.14,62.56
1,68.25,60.24,1,3,64.89,0,0,71.8,0,65.59
1,60.01,70.24,3,2,67.81,0,65.24,71.5,0,0
1,36.87,81.2,1,4,76.14,0,0,0,63.54,61.1
0,0,58.7,1,2,66.32,0,0,0,0,65.58
1,58.22,85.9,3,2,58.55,0,0,0,75.18,69.87
0,0,79.79,1,4,75.61,0,0,0,88.54,0
0,0,79.34,3,1,63.24,0,0,0,88.07,0
1,81.34,61.85,2,2,64.78,0,0,0,79.71,65.47
1,89.42,67.49,2,1,67.2,81.99,0,0,0,0
1,58.92,66.17,1,3,79.94,0,0,0,52.97,56.71
0,0,70,2,2,70.64,0,0,0,0,78.79
1,43.82,69.38,3,4,63.95,59.4,0,0,49.74,0
1,75.92,66.83,2,1,62.52,0,79.86,0,0,0
0,0,68.22,3,3,55.55,0,0,0,0,79.38
1,32.92,67.88,2,3,59.86,0,0,0,60.11,54.42
0,0,72.67,2,1,68.22,0,0,0,85.89,0
1,52.17,53.48,2,3,56.58,0,0,0,48.42,46.22
0,0,74.87,3,4,68.11,0,0,0,84,0
1,66.12,86.97,2,2,56.12,0,0,72.47,0,75.97
0,0,80.73,1,4,63.63,0,0,89.61,0,0
1,19.2,60.54,2,2,71.41,0,0,41.09,0,30.7
1,43.55,80.45,1,3,64.13,65.52,0,0,0,59.3
0,0,92.9,1,1,54.21,0,0,0,100,0
1,41.67,67.57,1,4,59.92,0,0,47.67,0,47.43
1,50.21,77.21,2,3,83.93,0,69.61,0,60.81,0
0,0,92.99,2,2,73.73,0,0,0,0,100
0,0,80.3,3,2,60.24,0,0,87.56,0,0
1,61.36,85.51,3,2,78.34,0,0,77.74,0,67.49
0,0,59.05,1,4,66.14,0,0,0,0,71.92
1,80.96,72.36,1,1,75.68,0,67.47,0,0,0
1,82.47,73.92,2,1,50.59,77.8,0,0,0,0
0,0,75.64,1,1,55.94,0,0,89.35,0,0
0,0,77.9,3,4,59.92,0,0,86.23,0,0
1,43.43,71.56,1,1,90.14,0,60.32,0,0,0
0,0,56.88,1,3,75.92,0,0,0,0,68.15
1,50.57,80.66,2,4,74.22,67.39,0,58.26,0,0
0,0,73.79,1,3,73.2,0,0,85.32,0,0
1,73.48,58.21,2,2,60.88,0,0,70.69,0,71.13
1,67.66,77.59,3,2,69.24,67.59,0,0,66.48,0
1,79.71,75.53,1,2,69.1,0,87.17,0,0,71.45
1,53.56,75.37,3,1,76.18,0,72.57,0,0,0
1,80.63,67.13,2,4,85.06,0,0,69.57,0,70.83
1,51.69,86.34,3,3,75.56,63.95,0,0,73.07,0
1,82.49,75.71,1,2,71.93,0,80.41,0,75.51,0
0,0,62.1,2,4,70.96,0,0,75.55,0,0
0,0,54.57,1,3,55.89,0,0,61.27,0,0
0,0,62.33,3,4,73.74,0,0,73.55,0,0
1,55.48,46.3,2,1,78.88,0,51.28,0,0,0
0,0,67.39,1,1,81.9,0,0,0,75.54,0
0,0,71.29,3,4,71.43,0,0,0,0,80.74
0,0,57.92,3,4,71.52,0,0,0,61.95,0
0,0,64.55,2,2,83.1,0,0,74.97,0,0
1,76.16,85.53,2,1,70.09,0,73.08,0,0,0
1,56.63,71.07,1,2,63.66,0,66.29,0,0,64.82
0,0,85.35,1,4,67.14,0,0,0,0,94.19
1,68.62,68.15,2,3,41.89,0,0,61.46,71.51,0
1,52.65,68.23,2,3,74.49,0,0,0,51.17,55.01
1,69.88,48.01,2,4,76,0,0,67.4,0,59.86
1,51.05,77.29,1,4,49.16,63.87,0,73.1,0,0
1,56.66,81.01,3,2,44.25,0,0,60.72,0,66.8
0,0,66.58,2,2,75.04,0,0,0,0,77.3
1,54.39,66.9,2,1,62.14,52.07,0,0,0,0
0,0,78.13,2,4,51.76,0,0,86.38,0,0
1,72.23,62.64,3,2,57.35,0,0,0,74.44,69.8
0,0,62.18,3,2,61.93,0,0,0,0,72.67
0,0,73.17,3,1,75.19,0,0,0,0,84.04
1,50.47,63.94,1,4,64.34,0,0,63.75,47.74,0
0,0,76.11,1,1,77.96,0,0,0,0,83.75
1,70.04,60.8,3,3,87.51,0,0,0,70.33,66.46
0,0,85.1,3,3,94.96,0,0,0,97.1,0
0,0,76.56,2,1,69.97,0,0,0,0,88.64
1,57.41,70.66,1,3,80.57,0,0,0,71,73.19
0,0,61.26,2,3,68.65,0,0,0,0,71.11
1,50.87,59.42,2,3,54.04,0,0,0,64.81,63.44
0,0,61.03,2,3,69.9,0,0,0,69.39,0
1,88.89,55.68,1,1,51.84,70.01,0,0,0,0
0,0,83.4,3,4,68.55,0,0,0,95.14,0
0,0,73.42,1,1,65.56,0,0,0,0,82.66
1,74.08,80.71,3,1,66.62,0,80.76,0,0,0
1,44.71,87.39,2,4,81.93,71.82,0,69.24,0,0
0,0,83.07,1,3,69.21,0,0,0,0,92.91
1,54.61,74.5,2,2,77.9,68.38,0,66.12,0,0
0,0,65.89,3,3,59.71,0,0,0,0,76.67
0,0,77.49,3,2,83.34,0,0,88.46,0,0
0,0,72.11,2,1,78.13,0,0,0,83.22,0
1,51.79,67.39,2,1,57.59,0,54.84,0,0,0
1,51.74,64.85,2,1,81.76,0,55.52,0,0,0
1,71.88,80.79,3,4,64.59,68.93,0,0,79.29,0
0,0,84.77,3,4,51.27,0,0,95.59,0,0
0,0,67.25,3,4,80.85,0,0,78.2,0,0
0,0,65.63,2,2,66.23,0,0,0,0,78.18
1,49.86,76.98,3,4,61.92,67.5,0,0,0,71.8
0,0,63.65,1,4,82.15,0,0,0,73.87,0
1,64.66,76.04,1,4,71,0,0,72.64,60.89,0
1,52.39,87.37,2,3,69.55,0,67.59,0,0,77.6
1,29.84,65.82,1,2,71.75,0,0,52.42,49.65,0
1,54.11,70.25,3,1,62.17,0,63.04,0,0,0
1,43.62,89.9,1,1,86.26,0,64.44,0,0,0
0,0,66.27,3,4,72.36,0,0,76.15,0,0
0,0,71.41,2,4,68.25,0,0,0,0,82.65
0,0,60.58,2,1,71.01,0,0,0,69.06,0
0,0,62.97,1,2,86.1,0,0,0,77.5,0
1,70.97,56.21,2,2,73.43,0,0,61.35,0,68.84
1,64.79,99.25,2,3,77.81,0,74.55,0,78.52,0
1,53.85,75.72,1,1,56.87,0,66.22,0,0,0
0,0,69.54,1,4,66.65,0,0,0,0,79.03
0,0,59.43,1,4,67.39,0,0,0,0,68.04
1,52.9,51.75,2,4,87.08,0,0,0,47.2,58.63
0,0,72.42,3,1,72.22,0,0,0,0,83.5
0,0,68.55,3,2,61.64,0,0,0,0,75.68
0,0,75.02,3,2,72.75,0,0,0,0,82.69
1,84.96,76.92,2,1,68.69,0,81.24,0,0,0
0,0,80.12,1,2,70.42,0,0,0,0,89.8
1,37.41,69.58,1,4,60.96,0,0,56.58,55.13,0
0,0,76.22,3,4,62.58,0,0,0,0,88.71
1,51.78,65.92,2,3,67.32,0,0,58.26,0,57.84
0,0,61.49,1,1,75.81,0,0,0,74.03,0
0,0,66.62,2,4,63.73,0,0,0,79.61,0
1,65.79,77.69,1,2,76.13,0,0,66.21,75.42,0
1,61.51,76.06,3,1,76.11,0,64.73,0,0,0
1,45.97,69.87,2,3,61.97,0,0,0,56.57,55.2
0,0,73.22,3,3,60.33,0,0,0,0,83.25
1,65.97,86.08,3,1,60.4,0,80.12,0,0,0
0,0,51.98,1,2,68.66,0,0,0,0,61.37
1,78.34,57.45,1,1,70.66,69.86,0,0,0,0
0,0,69.87,2,1,68.23,0,0,0,0,78.2
0,0,77,3,2,79.74,0,0,0,0,86.85
0,0,67.85,1,1,64.45,0,0,0,78.85,0
1,42.1,79.03,1,1,71.41,52.31,0,0,0,0
0,0,39.93,1,4,80.79,0,0,0,0,49.65
1,40.55,46.7,3,3,73.92,0,0,0,48.22,46.37
0,0,64.32,2,3,81.4,0,0,73.83,0,0
0,0,96.67,1,2,65.98,0,0,0,0,100
0,0,70,1,3,84.77,0,0,0,0,81.61
0,0,47.59,3,2,74.77,0,0,0,0,57.18
1,53.97,66.4,1,2,66.7,0,0,69.76,59.19,0
0,0,76.17,3,2,98,0,0,88.77,0,0
0,0,79.62,2,1,65.63,0,0,0,0,88.82
1,71.97,74.71,3,3,64.64,79.72,0,0,75.69,0
0,0,67.64,3,4,79.08,0,0,75.9,0,0
1,69.52,76.79,3,4,80.82,80.71,0,0,79.65,0
1,84.44,81.54,1,4,66.7,0,73.18,74.04,0,0
0,0,64.45,3,4,77.86,0,0,74.74,0,0
0,0,68.76,1,4,70.96,0,0,79.19,0,0
1,41.26,68.64,3,2,62.37,0,0,0,53.17,55.31
1,49.35,52.94,1,4,49.54,0,0,52.9,0,59.16
1,70.57,57.43,1,2,78.72,0,0,0,56.44,61.63
1,62.33,46.81,1,1,64.52,0,61.51,0,0,0
1,74.05,70.84,3,4,78.88,0,0,0,74.92,81.51
1,71.55,67.02,3,3,63.8,73,0,0,0,62.92
1,62.11,66.61,1,3,73.68,0,0,62.93,57.6,0
1,67.1,69.66,1,3,61.76,0,0,59.3,0,75.76
0,0,75.19,3,4,76.22,0,0,0,0,87.21
1,81.23,63.27,1,4,73.98,0,0,66.01,0,73.44
0,0,81.74,2,3,70.95,0,0,0,0,90.02
0,0,54.08,3,3,69.54,0,0,0,0,64.96
1,68.79,69.86,1,4,71.4,0,0,67.47,0,76.91
1,77.05,69.02,3,3,55.68,0,0,0,73.98,68.61
0,0,78.5,3,1,65.05,0,0,0,90.07,0
0,0,65.05,2,4,63.51,0,0,71.31,0,0
1,35.7,80.69,2,4,69.04,0,0,49.32,51.77,0
1,68.59,67.66,3,4,54.77,0,0,0,77.94,69.82
1,88.54,68.98,2,1,80.71,0,77.4,0,0,0
1,48.37,68.51,2,1,78.61,48.75,0,0,0,0
0,0,76.98,1,3,76.8,0,0,0,0,88.75
0,0,78.53,2,3,69.39,0,0,90.86,0,0
0,0,63.95,2,3,71.49,0,0,0,0,72.6
0,0,55.91,2,1,68.01,0,0,66.36,0,0
0,0,60.19,3,3,62.61,0,0,0,0,67.73
0,0,71.65,1,3,72.52,0,0,0,0,82.24
0,0,69.83,2,3,59.44,0,0,0,0,81.03
1,52.81,71.41,1,2,65.52,52.79,0,0,0,61.83
1,55.48,62.75,2,2,72.03,0,0,50.93,66.91,0
1,68.05,77.96,1,3,75.27,0,82.39,0,63.07,0
1,53.79,68.24,3,1,67.3,56.7,0,0,0,0
0,0,53.67,2,3,60.45,0,0,63.58,0,0
0,0,71.55,3,1,56.19,0,0,82.7,0,0
1,73.33,75.47,2,2,80.02,0,0,77.92,0,77.38
0,0,71.44,1,2,55.59,0,0,0,0,82.28
0,0,71.3,1,3,77.64,0,0,77.92,0,0
0,0,72.27,3,2,69.72,0,0,0,0,84.42
0,0,59.46,2,3,78.59,0,0,0,70.23,0
1,79.93,85.32,1,3,81.06,0,0,92.16,0,77.61
1,63.27,66.74,3,1,75.72,0,74.91,0,0,0
1,50.1,84.67,3,1,86.33,0,59.22,0,0,0
1,67.11,64.46,2,2,65.53,0,0,71.12,0,74.17
0,0,79.67,2,2,69.83,0,0,0,89.14,0
1,59.42,72.4,3,4,72.74,71.49,0,0,57.16,0
0,0,71,1,3,64.42,0,0,81.5,0,0
1,63.9,60.61,2,3,76.22,0,0,53.77,67.74,0
0,0,82.06,1,2,70.14,0,0,0,89.86,0
1,63.75,74.19,3,1,67.88,0,59.4,0,0,0
0,0,69.1,1,1,76.23,0,0,0,80.06,0
0,0,82.07,3,2,78.05,0,0,0,0,91.78
0,0,70.89,1,2,67.56,0,0,0,81.32,0
0,0,92.1,2,2,62.23,0,0,0,100,0
0,0,80.17,3,4,85.71,0,0,90.95,0,0
0,0,66.69,2,2,56.77,0,0,0,71.67,0
0,0,83.58,3,2,58.26,0,0,0,92.28,0
0,0,70.61,3,3,64.88,0,0,78.74,0,0
0,0,90.06,1,4,57.57,0,0,98.79,0,0
1,59.72,70.82,1,2,80.71,0,0,0,70.16,60.89
1,79.25,69.21,2,3,78.68,0,0,75.85,73.91,0
1,68.97,70.94,3,2,67.22,0,0,65.5,0,63.02
1,92.83,74,3,3,54.65,77.95,0,0,87.37,0
1,56.7,85.49,2,2,60.11,0,70.16,0,72.87,0
0,0,72.93,1,3,74.16,0,0,0,0,81
1,73.37,68.93,2,1,65.82,0,80.33,0,0,0
1,51.67,65.07,3,4,95.54,56.34,0,0,60.14,0
0,0,77.86,3,3,50.94,0,0,87.33,0,0
1,38.07,64.46,3,1,90.06,44.94,0,0,0,0
1,36.77,58.31,2,1,77.42,0,39.73,0,0,0
0,0,60.58,3,2,62.08,0,0,0,71.47,0
1,71.9,65.35,2,3,79.7,0,0,63.51,66.83,0
1,69.57,68.76,2,2,87.13,0,0,66.22,74.4,0
0,0,80.53,3,2,70.71,0,0,90.39,0,0
0,0,64.23,1,2,67.9,0,0,74.5,0,0
0,0,81.97,2,2,70.99,0,0,0,0,92.37
0,0,53.62,3,1,73.8,0,0,63.51,0,0
1,71.06,96.35,2,1,59.46,84.07,0,0,0,0
1,66.5,54.14,3,3,69.69,0,0,0,54.08,50.36
1,56.85,71.98,1,1,78.98,55.1,0,0,0,0
0,0,67.82,1,3,65.06,0,0,0,0,79.89
1,40.62,62.15,2,4,73.89,0,0,47.81,0,60.88
0,0,76.76,3,4,70.84,0,0,0,88.44,0
1,55.75,80.57,2,1,78.55,60.89,0,0,0,0
0,0,68.28,2,4,56.72,0,0,0,0,76.91
1,60.04,82.09,1,2,64.37,0,61.33,0,0,74.16
1,41.08,70.64,1,1,76.48,0,51.6,0,0,0
0,0,59.36,2,4,72.68,0,0,68.57,0,0
0,0,69.21,2,3,75.67,0,0,0,79.66,0
0,0,64.73,3,2,53.47,0,0,0,0,72.53
1,69.29,74.6,3,4,54.52,62.43,0,0,74.84,0
1,31.89,66.01,1,4,78.2,0,0,53.98,0,47.64
0,0,69.26,3,3,55.2,0,0,0,78.2,0
0,0,59.15,2,2,82.74,0,0,0,0,70.94
0,0,80.69,3,3,66.58,0,0,0,91.28,0
0,0,66.44,1,3,69.38,0,0,0,75.59,0
1,41,59.31,3,2,75.29,0,0,57.14,57.22,0
0,0,96.31,3,3,54.14,0,0,0,100,0
0,0,55.87,2,2,76.16,0,0,0,0,66.05
1,30.69,75.07,3,4,61.43,0,0,0,49.06,57.07
1,64.44,48.36,3,1,85.2,64.62,0,0,0,0
0,0,73.09,2,4,76.05,0,0,82.29,0,0
1,63.68,71.88,3,3,81.75,74.35,0,0,72.63,0
0,0,67.48,1,4,60.6,0,0,0,0,77.56
1,36.57,56.36,3,4,74.83,0,0,0,38.11,54.91
1,75.09,61.41,1,4,70.34,0,0,0,68.18,64.17
0,0,61.93,2,2,74.54,0,0,0,74.2,0
1,89.39,58.26,1,3,39.94,0,0,0,78.36,79.2
0,0,60.52,1,2,69.33,0,0,0,0,72.59
0,0,84.35,1,1,74.67,0,0,0,0,96.4
1,71.33,73.91,3,3,77.07,66.86,0,0,0,81.17
1,39.05,83.31,2,2,46.72,0,0,0,68.79,65
0,0,60.11,3,3,65.92,0,0,70.56,0,0
1,56.24,65.69,3,4,64.32,52.83,0,0,69.74,0
1,58.59,52.63,3,2,67.22,0,0,53.05,0,61.42
1,65.96,58.1,1,2,75.98,0,0,0,61.19,70.55
0,0,67.09,2,2,70.63,0,0,76.91,0,0
1,42.74,65.79,3,4,89.1,60.61,0,0,58.81,0
1,69.01,87.77,2,3,58.21,79.56,0,0,0,80.4
0,0,71.08,2,3,87.56,0,0,0,78,0
1,62.62,67.35,1,4,53.54,0,0,57.94,62.56,0
0,0,74.59,3,3,69.41,0,0,83.63,0,0
0,0,70.27,2,2,80.06,0,0,83.13,0,0
0,0,59.14,3,2,60.62,0,0,69.6,0,0
0,0,63.73,3,1,70,0,0,0,0,70.63
1,73.83,83.99,3,3,69.22,78.07,0,0,88.1,0
0,0,83.04,2,1,62.12,0,0,0,92.72,0
0,0,72.57,1,1,58.36,0,0,0,0,82.57
0,0,80.19,2,3,46.46,0,0,0,92.84,0
1,66.75,86.43,1,3,72.35,0,0,80.37,70.02,0
0,0,65.58,1,4,53.66,0,0,0,73.59,0
0,0,71.84,2,2,81.37,0,0,81.95,0,0
0,0,72.21,2,3,64.54,0,0,0,79.98,0
0,0,61.73,3,2,69.82,0,0,0,73.8,0
0,0,74.46,1,1,78.14,0,0,85.11,0,0
0,0,58.56,2,1,62.79,0,0,0,0,73.08
0,0,71.02,1,1,66.58,0,0,0,81.07,0
0,0,67.31,1,4,62.27,0,0,0,0,75.86
0,0,74.3,2,3,74.69,0,0,0,0,83.96
0,0,56.45,1,2,50.63,0,0,68.46,0,0
0,0,64.79,2,2,70.46,0,0,0,77.18,0
0,0,88.83,2,1,68.02,0,0,93.16,0,0
1,80.14,68.65,2,3,67.45,0,0,65.3,66.46,0
1,62.97,70.68,3,1,80.4,0,62.4,0,0,0
0,0,63.3,3,2,70.44,0,0,0,71.88,0
1,73.1,70.45,3,4,83.11,69.9,0,0,80.11,0
1,89.61,73.8,1,2,71.08,0,0,0,80.1,88.26
1,67.17,65.24,3,1,62.45,75.82,0,0,0,0
0,0,67.51,1,4,66.45,0,0,76.71,0,0
1,47.01,68.34,2,2,64.53,0,0,53.22,0,52.27
1,64.58,72.96,1,4,62.86,62.71,0,0,0,63.58
0,0,81.31,2,1,66.07,0,0,0,0,88.73
1,63.67,63.31,2,3,65.5,0,0,53.51,58.93,0
1,48.3,78.06,2,3,49.03,57.54,0,57.12,0,0
1,61.34,78.05,2,3,56.06,0,0,77.66,74.58,0
1,58.06,72.55,2,2,76.64,67.18,0,57.12,0,0
0,0,80.82,2,4,89.78,0,0,90.35,0,0
1,35.07,70.99,3,4,75.69,62.25,0,0,0,49.68
0,0,71.08,1,3,66.07,0,0,0,0,78.02
1,68.93,68.26,3,4,76.68,69.08,0,0,73.74,0
1,66.67,67.3,3,3,66.14,63.63,0,0,59.81,0
1,59.94,67.9,1,4,56.88,0,0,67.02,66.5,0
1,32.91,51.39,3,2,66.4,0,0,0,36.5,42.89
1,59.71,76,3,4,67.07,69.67,0,0,0,69.39
0,0,66.78,2,4,51.71,0,0,0,0,75.81
0,0,55.31,2,2,62.27,0,0,65.13,0,0
0,0,79.7,3,4,76.92,0,0,0,89.83,0
1,36.89,60.24,1,1,65.19,41.65,0,0,0,0
0,0,78.59,2,1,93.86,0,0,0,0,87.16
1,65.59,62.58,3,3,62.49,65.94,0,0,0,73.32
0,0,79.59,3,2,64.23,0,0,0,0,88.41
0,0,88.99,3,3,73.44,0,0,0,0,100
0,0,54.05,2,2,62.36,0,0,61.97,0,0
1,47.72,67.45,3,2,65.6,0,0,0,64.83,50.87
0,0,79.57,3,1,69.97,0,0,86.78,0,0
1,62.11,72.8,3,4,65.93,0,0,0,62.52,72.71
0,0,72.82,1,3,66.69,0,0,0,83.87,0
1,66.52,79.16,2,2,54.05,78.99,0,0,77.11,0
1,56.93,62.11,3,2,67.23,0,0,62.05,51.76,0
1,57.39,57.17,1,2,69.72,0,0,54.92,0,51.11
1,87.86,62.86,3,2,62.32,0,0,77.82,0,67.76
1,66.22,83.34,3,3,69.53,70.97,0,0,66.39,0
1,58.07,62.36,1,2,69.81,0,0,56.76,0,51.76
1,66.83,54.65,3,3,71.19,69.92,0,0,0,68.48
1,63.34,81.57,3,2,64.94,0,0,67.48,0,72.1
1,27.64,64.88,1,4,90.78,0,0,0,44.76,44.32
1,69.75,65.51,3,1,61.48,0,64.14,0,0,0
0,0,56.06,2,2,66.93,0,0,63.05,0,0
1,48.3,75.3,1,1,59.63,67.16,0,0,0,0
0,0,75.68,3,4,69.54,0,0,86.08,0,0
0,0,64.5,2,4,70.52,0,0,0,0,71.67
1,64.4,58.06,3,1,64.74,63.12,0,0,0,0
0,0,51.08,1,4,61.58,0,0,0,0,62.37
1,49.2,75.68,3,2,61.06,0,64.74,71.67,0,0
1,78.64,95.96,2,4,55.7,0,96.23,0,0,86.28
0,0,74.04,3,2,75.64,0,0,0,0,85.39
1,46.87,76.08,3,2,80.11,67.36,0,58.32,0,0
0,0,71.47,3,1,82.35,0,0,80.88,0,0
0,0,73.5,2,3,73.95,0,0,0,82.7,0
0,0,67.67,2,2,55.63,0,0,0,0,77.11
0,0,72.94,3,2,61.29,0,0,0,81.44,0
1,56.75,61.99,3,4,79.08,58.74,0,0,64.04,0
1,48.24,57.59,1,2,68.08,0,0,0,47.1,49.64
1,70.97,71.11,1,1,65.42,69.44,0,0,0,0
0,0,70.98,2,2,71.29,0,0,0,85.19,0
1,61.06,58.26,1,1,60.29,0,54.58,0,0,0
0,0,64.49,3,1,68.34,0,0,0,73.84,0
0,0,66.5,1,4,78.06,0,0,75.98,0,0
0,0,77.16,2,2,53.86,0,0,0,89.16,0
0,0,71.59,2,1,81.88,0,0,0,83.14,0
0,0,68.32,3,1,64.85,0,0,77.49,0,0
0,0,54.08,2,4,70.3,0,0,62.79,0,0
1,66.21,72.7,1,4,85.9,68.96,0,0,0,71.3
1,57.01,75.29,2,4,82.64,0,0,60.99,68.02,0
1,70.04,91.98,3,1,57.71,0,87.95,0,0,0
0,0,74.46,1,2,76.34,0,0,0,82.86,0
0,0,79.24,2,4,69.02,0,0,86.73,0,0
1,61.57,79.34,1,3,62.73,0,0,0,79.01,73.42
1,31.29,51.87,1,4,52.64,0,0,31.61,0,33.12
1,25.72,68.75,1,3,86.04,0,0,41.06,0,44.92
0,0,68.3,3,4,72.39,0,0,77.59,0,0
1,59.43,65.4,2,2,73.14,0,0,64.73,60.33,0
1,57.64,78.57,3,3,67.09,70.24,0,0,76.39,0
0,0,86.27,3,2,85.45,0,0,0,0,94.68
0,0,60.76,2,3,48.94,0,0,0,0,69.23
1,48.95,68.44,2,2,78.18,0,0,0,64.96,67.51
1,68.33,74.25,1,4,68.4,66.49,0,0,0,73.32
0,0,62.2,2,2,75.53,0,0,72.84,0,0
0,0,48.83,2,2,85.71,0,0,0,0,59.28
0,0,67.85,2,4,70.29,0,0,80.04,0,0
0,0,58.96,2,2,77.3,0,0,0,65.94,0
1,67.57,50.62,3,1,69.45,0,54.99,0,0,0
1,42.84,79.02,2,4,69.35,0,0,70.75,52.52,0
1,49.21,86.35,1,1,81.55,0,71.01,0,0,0
1,41.54,75.29,2,4,86.68,0,0,66.04,0,55.33
1,52.4,74.16,2,2,69.66,0,0,0,65.07,63.62
0,0,74.34,1,3,76.73,0,0,83.77,0,0
0,0,69.22,3,2,86.49,0,0,0,82.94,0
1,43.53,74.49,3,1,78.26,60.87,0,0,0,0
0,0,68.69,2,4,75.43,0,0,79.59,0,0
1,61.29,62.49,1,3,84.51,0,0,0,52.09,68.64
1,52.59,82.78,2,3,58.49,0,0,69.19,0,75.65
1,38.9,77.49,2,1,63.13,55.15,0,0,0,0
1,57.38,96.57,3,2,70.47,86.28,84.84,0,0,0
0,0,61.81,2,1,69.89,0,0,0,70.01,0
1,27.55,55.55,1,2,64.61,0,0,0,38.47,43.71
1,54.06,83.42,1,1,75.68,0,66.24,0,0,0
1,93.81,68.95,3,2,65.71,0,0,84.73,0,81.36
0,0,83.57,3,2,55.3,0,0,99.42,0,0
1,63.9,90.14,2,2,58.92,74.65,0,0,0,67.57
0,0,56.27,1,3,57.84,0,0,0,0,68.3
0,0,61.43,1,4,74.28,0,0,68.94,0,0
1,58.75,53.19,1,3,74.1,0,0,0,61.73,58.45
0,0,68.49,2,1,82.22,0,0,0,77.76,0
0,0,62.79,3,1,69.82,0,0,0,0,74.31
1,46.92,50.59,1,3,68.85,0,0,49.84,40.32,0
1,77.65,71,2,3,48.71,0,0,0,67.94,81.18
0,0,82.82,2,2,77.59,0,0,0,93.48,0
1,85.46,60.3,2,1,57.72,71.02,0,0,0,0
0,0,82.45,2,2,81.58,0,0,89.52,0,0
1,44.95,76.97,3,4,59.02,63.6,0,0,0,64.28
1,62.62,69.35,1,1,58.7,0,56.68,0,0,0
1,74.73,59.42,1,4,73.79,0,0,69.77,0,75.58
0,0,65.31,1,2,76.98,0,0,0,0,75.83
0,0,91.28,3,4,75.64,0,0,100,0,0
0,0,66.11,2,3,75.96,0,0,0,80.45,0
1,52.42,75.7,1,3,56.7,0,67.35,0,0,60.87
0,0,67.26,3,2,63.15,0,0,0,78.06,0
1,46.3,59.02,3,3,64.45,0,0,0,57.97,49.62
1,57.32,76.9,2,4,76.7,0,0,0,65.76,68.42
0,0,86.49,1,2,96.35,0,0,0,0,92.65
1,54.91,80.65,1,2,52.38,58.77,0,0,71.41,0
0,0,86.09,2,1,68.25,0,0,100,0,0
1,54.06,71.43,1,3,71.07,0,67.46,0,0,66.53
0,0,69.97,3,4,77.05,0,0,79.27,0,0
1,46.51,75.28,3,1,65.99,0,57.5,0,0,0
1,72.56,67.77,3,3,54.28,0,0,0,77.8,66.3
0,0,65.09,3,4,70.4,0,0,0,76.07,0
0,0,54.06,2,1,86.29,0,0,64.07,0,0
1,52.09,80.18,2,2,52.87,0,63.83,0,74.22,0
0,0,70.5,2,1,60.46,0,0,0,84.13,0
1,78.15,53.98,1,2,78.86,0,0,0,73.57,71.35
1,43.1,51.82,2,2,86.62,0,0,51.41,47.34,0
1,45.69,87.72,3,2,68.6,0,70.35,0,0,66.53
