X1,X2,X3,X4,X5,X6,y1,y2,y3,y4,y5,y6,y7,y8,y9
0.5,0.8,0.9,0.5,0.0,0.0,0.13392937159526003,-0.46625283682663876,1.1765868012039253,-0.007804579313732464,-0.11983549146706893,2.735822274001888,2.6235682840764585,0.9847318527045469,0.9486016550949216
0.1,0.7,0.6,0.9,0.2,0.4,-1.2441840224974168,0.10109503703540984,0.6612972636690609,1.468719573504595,1.4788047334371697,1.4272919243529252,1.018724047440902,1.313150716931027,0.9325155077983392
0.5,0.2,0.4,1.0,0.2,0.4,0.7757348952465962,0.8649220937713687,-1.029273051611923,0.1809555500728564,0.26277459857863644,0.8848234339527032,0.7941325043477993,1.3198021622227958,1.1465253195322755
0.7,0.7,0.9,0.1,0.7,0.0,0.2785817296246863,1.113316241601046,0.5326392998544422,-0.6699476468177473,-0.9040072351728855,2.3039378664708754,2.1092307656866756,2.110771759290255,1.6170129881624469
0.6,0.9,0.9,0.7,0.6,0.9,-1.2258678347585985,0.7706763542577902,0.7094216727138721,0.745192850249872,0.5705307133782401,1.5813546638695355,1.6477502904889416,2.522754375184433,2.015304902392643
0.1,0.0,0.1,0.8,0.8,0.3,1.3100090583489963,0.8585156736417643,-2.685403379023997,1.4195120031143835,1.4131946665255155,1.5743959070743636,1.2354592291964148,0.7731228207489659,0.4265576381339487
1.0,0.9,0.8,0.7,0.3,0.6,0.563110407388559,-0.43095668538590365,0.9347976130411989,-0.07126031529806509,-0.14641533832699116,1.936758560689722,1.6111801325575108,2.062971412135292,1.9902763088209041
0.5,0.1,0.9,0.3,0.4,0.8,-1.0413314362054686,1.9260477758174799,0.1828641216708855,-0.087680289629232,-0.008521434157736582,1.3481294226418739,1.2002712401713609,1.5271342075530598,1.3231666056662565
0.1,1.0,0.4,0.0,0.3,0.9,-0.1191440604697401,-0.36909494159720013,-0.11689871935920557,1.5490300633775949,1.408258016663226,0.8469896912802728,0.7822361152665567,1.3599920863325585,0.9408075484867715
0.2,0.0,0.4,0.9,0.2,0.7,0.4750806664950707,1.0803599227756893,-1.2295600302342817,1.055526868458097,0.8060117774648402,1.084830869995884,0.9299658664994811,1.192651659176919,0.8008243362160179
0.7,1.0,0.9,0.8,0.6,0.9,-1.1986950156747944,1.3627285344219702,0.4894333795488188,0.6604754085451684,0.607264932149014,1.3830857525620037,1.068144907963451,2.6139979001815674,2.4466755915812426
0.3,0.7,0.7,0.4,0.5,0.9,-2.0270364350223278,1.2914197314355769,0.6781376889664588,1.371710745963966,1.5497475110031915,2.3440774372180435,1.9578962870511984,1.700263409515422,1.4813719806706234
0.3,0.6,0.8,0.0,0.2,1.0,-2.218499884804117,0.9840293940969306,0.9951178563097607,1.370874406689496,1.499294819423727,0.8512964352260974,0.5849311420953436,2.117097973327231,1.8042616373141855
0.7,0.7,0.9,0.7,0.3,1.0,-1.595142547066003,1.4428846492569778,0.8877367069445701,0.30992487184718853,0.21316450277268284,1.2456479534417462,1.0912592586545031,2.18354266907253,2.0724800496209888
0.0,0.8,0.7,0.7,0.1,0.1,-0.7556028308194446,-1.1936877636555325,1.0282301186495755,1.5814802028488781,1.4242180603964285,2.4770222241503905,2.278469295793954,1.2357801444048766,0.8090058735792776
0.3,0.0,0.8,0.6,0.4,0.5,-0.5343869177241811,1.1569448342491164,0.2366527809100482,0.3019681379573613,0.01801504711429909,1.5945314724227189,1.45056780510813,1.69742451474066,1.4382765583604495
0.6,0.2,0.5,0.7,0.8,0.4,-0.1010145650352907,1.3903150778981563,-1.0875800704775411,1.0601064422522943,0.8644941650329727,0.8873958512362619,0.6340983539340764,1.6708814555253977,1.5183945189379755
0.4,0.7,0.7,0.4,0.9,0.0,-0.6723408128553152,1.2824457314020123,-0.1401015537449845,0.34701551858062124,0.19330881644481257,3.3354385470743813,3.0911485103058847,1.8786997706932795,1.6763085174455592
0.2,0.0,1.0,0.7,0.1,0.7,-0.7409146387534069,1.2728599406979861,-0.05316696863869688,0.8966683528212391,0.6942864046310688,1.1626168141816118,1.0459512063135012,1.5312604694480976,1.1555648202679678
0.9,0.8,1.0,0.4,0.0,0.1,1.0755495997048277,-0.7874875885779796,0.8569246294477162,-0.24693125161783652,-0.4563716352945364,2.9237342909302724,2.7006960273388345,1.5640118516083077,1.5614953341600664
0.9,0.8,0.2,0.3,0.1,0.2,2.7673710507586575,-1.6719562511529553,-0.3604566466366388,0.2915280997969612,0.27651698634187066,3.0920507522550214,2.9364506274268676,0.9368192709279386,0.7314862479189799
0.7,0.2,1.0,0.6,0.0,0.9,-1.156442274887795,1.1497940626353618,0.00662345671298907,0.9393313564886774,0.7714312728081447,0.9146272935707908,0.8028791175132314,1.8316213057369153,1.7528002727937346
0.2,0.6,0.6,0.2,0.7,0.7,-2.2774041232498297,1.36494974917894,-0.13867278014842918,2.0493760175398075,2.0131950138948316,0.9775120924731796,0.9128678821211419,1.2638088037086301,0.9502325490558197
0.0,0.6,0.5,0.1,1.0,0.4,-0.39059923328334695,1.3827803889418833,-0.9441868063568177,0.878677105827254,0.7497476190245207,2.01472603463611,1.6484918749686008,1.7311335115834525,1.4080505217624821
0.6,0.0,0.6,0.5,0.1,0.2,-0.0475248867056248,-0.7535614841941382,0.40169357245235005,1.4727884827530282,1.256113916062266,2.0240267200812,1.7951832875258171,1.523370891174773,1.175313433037278
0.1,0.5,0.4,1.0,0.0,0.7,-0.4863251390705097,0.535945221553381,-0.8349053275794543,1.9930071863713963,1.6284030851461928,0.33854037054963526,0.13940611430517932,0.9257968725604548,0.4704336196248279
0.8,0.9,0.5,0.7,0.0,0.9,-0.26383877980110826,-1.4270517227609638,0.375574334271764,2.3689988490712692,2.128805177051062,1.6380468253923213,1.5282915221167577,1.7075888335588494,1.5208516293410177
0.3,0.9,0.1,0.4,0.4,0.6,0.6955303290073839,-0.7397497432216634,-0.6036449354545877,1.4122315827565979,1.2258791658043153,2.686094264785428,2.5172023805001666,0.7065515359901171,0.20231046810820688
0.8,0.8,0.9,0.2,0.7,0.5,0.10587272541879317,0.4949424384326829,0.7209810942348747,-0.24758136612471823,-0.5014554595637198,2.3656321405050256,2.392147352820664,2.2432722728599503,2.150914605172139
0.5,0.4,0.5,0.8,0.5,0.8,-0.7313780935664008,0.4000682767264037,-0.15523091564940886,1.0799437140014612,1.117443109896153,-0.005671379919693548,-0.13169148219718593,1.3615281874359344,0.9785485546731925
0.1,0.1,0.8,0.7,0.0,1.0,-2.1787466659050145,0.9393858419337224,-0.1782997033363491,2.167275482196757,2.1333133374001654,1.2656165203069756,1.2479422196906556,1.6986187759225868,1.1109245267067136
0.3,0.4,0.2,0.0,0.3,0.5,1.4872004264505068,-0.7329496939949562,-0.27491043572570967,0.4372358565307035,0.5676396924136751,0.15475626504090617,0.0010549797837890451,1.060073100469838,0.712172203606417
0.1,0.2,0.4,0.3,0.0,0.6,0.06994376039672723,0.2206597718141833,-1.012175290570424,1.4139505756705637,1.3342528071010054,1.7039960766868714,1.3622800478639872,0.39890524393828475,0.1948643277150735
0.0,0.7,0.2,1.0,0.8,0.3,0.820186914559103,1.589149680700801,-2.1551643972360326,0.7933495051889948,0.7672945529979581,1.7900829675506589,1.565010891488775,0.9728235680105942,0.6565552483351047
0.0,0.8,0.4,0.2,0.9,0.0,1.2807864029775773,0.14926139473616004,-0.9524838156340485,0.36008343026687656,0.2949527661588106,3.5078038048553792,3.488143650492172,1.1704554364329613,1.0088439030116856
0.3,0.8,0.1,1.0,0.4,0.3,1.303938565550856,0.07662970551675732,-1.0495572592404847,0.8380489099354065,0.3800582324707541,1.89384702955415,1.7166248262714008,0.4237071790873695,0.1972789874220069
0.3,1.0,0.6,0.7,0.3,0.5,-1.3086225262033808,-0.04987512882685796,0.48493795593501676,1.571849444740594,1.4086852277724264,0.9628061036416927,0.6906991939204563,1.4745018379573696,1.2738490044240904
0.3,0.2,0.4,0.4,0.0,0.3,0.9097185678635544,0.011574329509932965,-1.0258645200937317,1.2404176085664957,0.9560229147734951,1.2285789287108404,1.2441143947564106,0.3422162471727149,-0.10255733233252484
0.3,0.8,0.3,0.5,0.6,0.7,0.5478131968324708,0.7892853685844462,-1.0365571147131738,0.7461412588861098,0.4139040527107505,2.4224662605405936,2.2319811385502524,0.7597534153210801,0.15602150583203556
0.5,0.1,0.7,0.0,1.0,1.0,-1.6061223654693002,1.6920019914692894,-0.47738167993649555,1.314754953591323,1.1729760251224417,1.5912015715558003,1.4133488992638412,3.2722748113823257,2.8358946279045885
0.2,0.8,0.2,0.1,0.4,0.0,2.234408717125425,-0.6304646046865714,-0.6268335672672922,0.0033676392471251315,-0.07735139133723015,2.806539864668783,2.4825260716853235,0.15806344208763412,-0.11690440887879085
0.4,0.1,0.7,0.3,0.1,0.6,-1.4136748654859543,0.634508672949148,0.31825878329652824,1.819127662711539,1.654109086299017,2.173344450221291,1.996443566053171,1.5510240239606483,1.3800421061532753
0.6,0.9,1.0,0.6,0.9,0.6,-0.5357596726571243,1.3845517867076036,0.06967841909150466,0.1416486737194831,-0.21570610133866777,2.5770959950777073,2.352380726737327,2.4996818018500413,2.3535422502543764
0.0,0.0,0.2,0.9,0.6,0.0,1.8544040275633584,0.7502545823218217,-2.273361327162043,0.5719545466779484,0.34923155418658247,2.292552488070076,2.092418531007791,0.6595214102487464,0.2577309938255154
0.6,0.7,0.0,0.3,0.9,0.0,1.042780570488015,0.9599807963526189,-1.5904510261291795,0.7753214397277203,0.4896671715422828,3.760726316373545,3.6296622449317977,1.141564814122441,0.9941835694305213
0.3,1.0,0.4,0.7,0.5,0.3,0.988609900424166,0.2862591134383384,-0.7866268677626762,0.6916549563465068,0.34560877589481387,1.6371956796272829,1.1688069676485753,0.47236596152853205,0.24393858505600044
0.8,0.8,0.0,0.6,0.7,0.9,0.15214311160356697,0.24653839748999007,-1.3319156781738655,2.0623352181818575,1.9128574314517275,2.6457688833622814,2.097018921006176,1.6577870334966291,1.2913160960551813
0.5,0.4,0.9,1.0,0.5,0.2,-0.020302502651272647,0.8477151252927337,0.55515320942113,-0.5589870389626123,-0.8064411362605407,0.4677883356380941,0.3116315802858149,1.8243563433349155,1.7511703737035087
0.5,0.6,0.6,0.8,1.0,0.7,-1.6731674100371428,2.3592894361928303,-0.44745198305003986,0.9970639269673185,0.9813686206519857,1.11430757396091,1.153344256507649,2.2974509894310233,2.1092772119069885
0.7,0.7,0.2,0.6,0.0,0.5,1.012058985381983,-0.15451330759764387,-0.8586917882993408,0.7953684923583797,0.7219116147410645,2.075023802360645,1.8653568774276068,0.9750872881642091,0.6626903050992754
0.2,0.1,1.0,0.8,0.5,0.9,-1.4414159009800862,2.843102868738605,-1.0252960559470463,0.5447119723973071,0.3671956557935389,1.1921276326015342,1.189812684271321,2.1189611832288318,1.763197703271019
0.4,0.9,0.1,0.2,0.0,1.0,0.04259458124435567,-1.7907995507055883,-0.4925904430166539,3.00019971415206,3.013255630736785,2.610334836087404,2.4957261126007046,0.7488604593277555,0.4413055686965213
0.4,0.7,0.0,0.6,0.2,0.4,0.47170539668372735,0.17954693012898665,-1.0174092296350938,1.2592934853066649,1.2982411610287894,2.373121318179439,2.134311409089421,0.6669544787883126,0.3988575353986892
0.3,0.6,0.7,0.6,0.3,0.0,-0.8281772587648957,0.9166184751923303,0.48109718735311396,0.51164291130175,0.561791275805587,1.4373974558074774,1.053617852803196,1.140076240375397,0.9247585494292885
0.6,0.4,0.7,0.6,0.2,1.0,-1.6878330761860934,-0.7454077847160835,1.2707147401600893,2.158589770976107,1.807926673096223,0.5296595378252539,0.2650954501479774,1.9970820328523928,1.7564558903631882
0.9,1.0,0.5,0.9,0.9,0.9,-0.14118939394600138,0.867698697110461,-1.1016651511997808,1.293057062839463,1.17092826232949,1.6508354055003296,1.5191791916204886,2.9909353162663144,2.705603181866816
0.8,0.6,0.4,0.2,1.0,0.9,0.25109907435915746,1.7593851906321207,-1.4606123564090723,0.33153542526107727,0.3267937412188432,2.146906990489679,2.040475111666802,2.52758493544132,2.3978249013823296
0.4,0.0,0.0,0.3,1.0,0.4,1.4187195806157569,0.944754620900068,-2.3282948748497354,0.9886883810154566,0.7914180955196165,3.2462303766504226,2.861098633393794,1.620109169532577,1.1141543626259853
0.9,0.3,0.9,0.1,0.2,0.5,0.6079663587246832,-0.23260520829320128,1.1626084806462178,-0.6687905728340813,-0.7494076621230237,0.9548183154411051,0.8455953870048118,2.510219307027621,1.963348073232993
0.4,0.0,0.8,0.2,0.3,0.9,-0.9660809264741714,0.5568915869677338,0.4736737548560927,0.8268366084420714,0.6067347252348385,1.6513801345301182,1.4094840250095322,2.218489051673859,1.9088635839133046
0.9,0.4,0.4,0.8,0.2,0.1,2.2971658841238667,-0.6100211423623114,-0.45975771687190453,-0.10452098107263387,-0.07178207216444112,0.6904878174977369,0.38674744981830306,1.5665672475078738,1.2508508126323357
0.6,0.3,0.8,0.9,0.7,0.0,0.024473801077497054,0.9808768805088659,0.2758017664894489,-0.035845045288491445,-0.2663755408886429,0.7163772716361504,0.5912366039577586,1.8919084336209535,1.7857677507497822
0.5,0.2,0.2,1.0,1.0,1.0,0.2489358737563549,2.2451423543717244,-2.3956818559788267,0.9156774585990275,0.7544663561107057,1.6102066468143263,1.6082559089897912,2.417031397253327,2.2604874617391
0.8,0.5,1.0,0.0,0.5,0.9,-0.7696290930914078,1.2065312718831698,0.3294236818188082,-0.04815231747186988,0.1697988494672661,0.6553723267161998,0.44099763844947126,2.4425581444765423,2.2258667506236867
0.8,1.0,0.6,0.6,0.0,0.4,-0.543554930877606,-1.3287482894740048,0.9947566954244775,1.7816536080840248,1.5544626197620333,1.6428816621585454,1.4360098012439892,1.2253416719823258,1.0637599165607103
0.7,0.3,0.0,0.1,0.6,1.0,0.22743401036154992,0.02135669435322432,-1.0705197928974544,1.9733518991278867,2.0954366120224583,1.529093381892809,1.289250732920772,1.4689316461192257,1.1524698921371224
0.0,0.6,0.1,0.6,0.4,0.2,0.5576857818917093,0.5801072884799039,-1.402623590084967,1.1568126690376124,1.1031184751609489,1.6000191932506476,1.4772652359623628,0.009424713615462071,-0.29700514221745733
0.5,0.4,0.6,0.2,0.9,0.2,-0.13718363169678738,-0.2506870123608066,0.21606247852336286,0.9265534019610817,0.8172301983187568,1.2118453315698223,0.8346563810416435,1.9681174906951429,1.769446049591598
0.7,0.5,0.0,0.7,1.0,0.8,0.03861319321241355,1.2179643243402396,-1.8593582468158796,1.3554146947849208,1.0766613158105982,1.3547490271079239,1.230291744056489,1.6955757488450771,1.4333928132781069
0.8,0.8,0.0,0.7,0.2,0.0,2.013854218582305,-0.9561312865985881,-0.7536301056659436,0.67861967415125,0.7433236260952245,3.064742510390551,2.836913240482504,0.9721988155701806,0.5425649814529333
0.7,0.1,1.0,0.1,1.0,0.9,-0.925031086253315,2.6982929470450334,-0.9589080167288684,-0.03728744574041455,-0.11329373794010161,1.9733258382136887,1.822251623698743,3.586277969343328,3.162518020221306
0.5,0.1,0.5,0.9,1.0,0.6,-0.5278185118085867,2.5099411656264623,-1.6875657058164242,0.4778579234800735,0.3374872131981015,1.6043844720021676,1.272737609983105,2.4712458928375964,2.3514089102299547
0.4,0.9,0.8,0.7,1.0,0.5,-0.6477886711733087,0.9578523448474877,0.38635109228985554,0.027385477190881552,0.1414270333152473,2.323261617149648,2.1191239644852637,2.801400845296491,2.2506234572963426
0.1,1.0,0.8,0.0,0.5,0.3,-0.2994245223051972,-0.1729785774702523,0.9164152185099652,0.5845673371469697,0.3462975769840483,1.3484516401086013,1.195872593333136,1.0147560203278683,0.9311883459835785
0.9,0.0,0.4,0.8,0.6,0.2,2.3071047073494775,0.6605082737945892,-1.7751889077849288,-0.05275625977483512,-0.09196349449788976,1.734747393016388,1.4973929835859068,1.505659155882246,1.3107262287561263
0.4,0.3,1.0,0.2,0.0,0.0,0.4755881086697126,-0.3769686080663577,0.6367405783562649,-0.03143739896354153,0.07335774929018835,1.3549028891468766,1.1632000654389902,1.197296952451607,0.7779639484006211
0.4,1.0,1.0,0.2,0.5,0.0,0.20328238019923908,0.8494879166584666,0.2121678088516997,-0.39919385732056134,-0.42586772270128126,2.7085078785978838,2.455008206886742,1.2116930083136401,0.9354672950336486
0.0,0.3,0.8,0.5,0.3,0.1,0.20786094523980458,-0.12185678037172795,0.8366028118728243,0.16819407907925465,0.49064672150700595,1.0417096189544721,0.5440350268270154,1.200455038147072,1.0186148040413028
0.4,0.7,0.3,0.2,0.2,1.0,0.0420976263657527,0.567485995909244,-0.4707039172325921,1.1246585136187528,1.0533764256012157,2.2288657720519773,2.1340119073370256,1.4025373022460959,1.0459843232940722
0.2,0.6,0.6,1.0,0.0,1.0,-2.8442963141908923,0.7844518760066409,-0.06517293295321648,3.2091167208312132,2.9819089057864407,1.1413610157150833,0.8334422036750593,1.7023133538652222,1.4486249083654106
0.1,0.5,1.0,0.6,0.5,0.8,-1.6266729251040704,2.047099035486919,-0.13453821150983675,0.8232453750924138,0.5960377506798573,0.799229418642733,0.3334131851667044,1.5068627289470882,1.047313226262005
0.8,0.5,0.5,0.7,0.5,0.9,-0.8777670377409144,0.7211327067763345,-0.3513275047181297,1.4647991502789917,1.4598761369389424,0.7021025176756688,0.5375838598566899,1.8511358299321627,1.5998466567450607
0.1,0.3,0.9,0.3,0.3,0.3,0.09224772178312282,0.05537272165816076,1.0449115507879436,-0.16671062987808177,-0.22534716824865658,0.5896455204579331,0.1609355732911511,1.059958901100335,0.7836130828763446
0.6,0.1,0.3,0.0,0.5,0.0,2.049657537024221,0.6872533406076148,-1.3041802603156412,-0.5088085834737456,-0.6893135265815422,2.071008008453487,1.922704138588687,0.7503754117630667,0.7191009994106631
0.5,0.2,0.7,0.6,0.4,1.0,-1.9386981734504285,1.1861245801596123,0.1408649516250124,1.4101366739381187,1.5994270332866964,1.132832826478937,0.5826661341864181,1.6694434079758604,1.508088385897393
0.0,0.2,0.4,0.8,0.7,0.6,-0.2026368760452258,1.9562282228312442,-2.064359961495336,1.1503933147612107,1.123294864253466,0.5038408887702465,0.48967113978999666,1.404640034920405,0.9618636220561037
0.7,0.7,1.0,1.0,0.1,0.7,-1.3908672806942761,1.8585679147832646,0.6459678722019102,0.22480744610211756,-0.06112048534376328,1.6624240176711889,1.4911359462154374,2.0573637870049235,1.8651907027559376
0.7,0.3,0.8,0.3,0.0,0.6,-0.7137337802570913,-0.5920551004562141,1.436094256606255,0.6573214246951838,0.5932451490770575,1.3573107059390468,0.9793148304988895,1.7099102413691674,1.3346697312431786
0.3,0.0,0.6,0.5,0.9,0.6,-0.8484644321027811,1.2372833258660734,-0.916724871462439,1.37236378009479,1.2539265024100703,2.2399599094353775,2.076240934221686,2.17279806396362,1.9640185866001896
0.4,0.6,0.6,0.2,0.2,0.4,-1.1968445390129494,0.2100104146235695,0.6240333322480048,1.3856390724441177,1.2199676225291747,1.4135255348433688,1.2650328257141392,1.4258466456549737,0.8784533527128527
1.0,0.1,0.2,0.3,0.9,0.3,3.0552133680813345,0.9811252802717232,-2.8270795433104583,-0.3294738814888128,-0.2426652459691434,2.63195570165698,2.576427689173225,1.571515367592514,1.2992390600992239
0.6,0.7,0.0,0.3,0.3,0.6,0.1635217574327198,0.41266013307807364,-0.5847848866601885,0.8955070358136408,0.9230608501473281,2.5590742914791043,2.263069566197591,0.910385708874566,0.5839823719090229
0.8,1.0,0.6,0.5,0.1,0.3,-0.1635456833353532,-1.401973887415773,0.8897968288969136,1.418285215544929,1.3657937056308878,2.1326036465958267,1.68048371968956,1.3028953865333008,0.7460600932362602
0.2,0.6,0.3,1.0,0.6,0.7,-0.2815703097974244,2.4726927807603483,-1.9149729240876563,0.826701925762503,0.4733577162060611,1.2389803896288023,0.9631594068243449,1.0569840294449786,0.873272206209727
0.2,0.8,0.0,0.1,0.8,0.6,0.25447433143952936,0.12415815161227743,-1.1097851667079304,1.9062110232414926,1.7161921510180922,2.632077408336784,2.5507323272598637,1.375498822910231,0.9709474461551264
0.0,0.0,0.1,0.2,0.7,0.7,0.41667390210770006,0.6359580384408313,-2.1148823586588925,1.9565654463294555,1.8194285886924424,1.9987998047175453,1.809458350112491,0.6665141565497186,0.4517611119015663
0.4,0.4,1.0,0.0,0.1,0.0,0.37877803300401014,-0.5432250946610173,0.9377351105028703,-0.000537291804916646,-0.08536889089211318,0.912120938491895,0.6654392572826691,1.5629439879301512,1.2764257332583142
0.8,0.5,0.6,0.2,0.5,0.4,-0.3059537951001768,-0.3068217744382995,0.7673711593328919,0.7836211210649762,0.7346953308509396,1.6297606301143075,1.3273622682551323,1.529148719511043,1.2819032375325452
0.3,0.0,0.6,0.2,0.1,0.9,-1.4914826538909627,-0.27797356535473483,0.07141731342336574,2.4251966289879063,2.5270948035691907,1.8814363421299387,1.8501000588201852,1.9209949871974101,1.4133026936878168
0.4,0.4,0.0,0.9,0.8,0.7,-0.11305160966337319,1.0648533590833054,-1.737535393704388,1.917833172773555,1.6255238501221179,0.517583744517388,0.21881283529716988,1.0565186676129124,0.9022264090809085
0.7,0.6,0.1,1.0,0.7,0.2,0.6684260186697492,1.3727236437166008,-2.050726349333183,0.7798855235192128,0.8739034390291535,1.3356299700805823,1.032181245724328,1.3702069759108813,1.1754683727539863
0.4,0.5,0.6,0.7,0.2,0.0,-0.4149022824574587,-0.11955934830427523,0.37976597541764984,1.2731601525553597,1.0655139792497876,0.8905563895291247,0.853488443471697,1.3373667245777576,0.8432489646064293
0.5,0.2,0.7,0.9,0.9,0.7,-1.718283588524975,2.286860300927178,-0.7641147099232743,0.9773741369834734,0.8873671204506571,0.9723944950660852,0.7145629849678709,2.5488833848139048,2.2125004443838563
0.1,0.1,0.4,0.6,0.5,0.6,0.25350007175321776,1.8076063480753686,-1.562827652421286,0.9159944486237265,0.7446599159546605,1.7671566517304675,1.7431139339941462,0.8464461808630368,0.7062319354375879
0.4,0.1,0.1,0.5,0.1,0.2,1.3700365571659792,-0.024996867645039972,-1.9370149791734288,1.5701896450998392,1.3544847264988924,2.09481363217114,2.0641787715184323,0.5500884693299195,0.18886937060465028
0.6,0.2,0.3,0.3,0.2,0.3,1.84739069390271,0.04376364894496457,-0.6256254870491328,-0.11306207057881862,-0.012518881622871944,1.6243059202971826,1.4518939596336262,0.6566522842736359,0.3278782743545084
0.0,1.0,0.0,0.1,0.5,0.0,1.3321257118579504,-0.6445686595766875,-1.1098326117045778,1.6757216296597985,1.651194700309925,3.14563476932925,2.8063986581814233,0.2034384180694089,-0.34825756464813373
0.5,0.8,0.8,0.0,0.0,0.0,0.242125552750886,-1.2076018719050912,1.7533961231461745,0.39311063878644686,0.2804260194376779,2.099556084921033,1.867375619102142,1.3048738225441279,0.9705407418761488
0.9,0.8,0.5,0.9,0.3,0.4,1.1712584309971648,-0.6746083102861266,0.4337254473767892,0.2418614456259337,0.08829869009678376,1.617467197474791,1.3677955038197647,1.5183630060101225,1.5031786537653065
0.0,0.9,0.8,0.6,0.3,1.0,-1.6388034129726188,-0.4913407106108375,1.0202829556814668,1.8237852065578533,1.654918170647405,1.9565693502797987,1.4370843950599619,1.5153763300562093,1.2228954385967514
0.9,0.9,0.0,0.8,0.1,0.6,1.210329060508398,-1.22851766241687,-0.7701451156931753,1.8295271272982898,1.7865568049700795,2.634152594970753,2.562062961781445,1.1242351191905102,1.0105419127941104
0.6,0.1,0.3,0.7,0.3,0.2,1.7481265306770948,1.0239292579971302,-1.5119556798336906,-0.3656733439362964,-0.5024135691886069,1.0486114696470743,0.6134602324513359,1.0410420012490067,0.6989489440251293
0.3,0.0,1.0,0.2,0.8,1.0,-1.068586269514908,1.8883287526926829,-0.9109538051024725,1.3015989439583995,0.9573959096352471,1.8536615228526203,1.602034442747136,2.4659134772091655,2.1934653574281033
0.2,0.9,0.0,0.1,0.3,0.9,0.1439911121703736,-1.091853141740768,-0.6365140473634561,2.4402597474813117,2.255271996726147,2.173958616863051,1.8178204889854481,1.2584459941959552,0.6328783415979271
0.4,0.8,0.8,0.8,0.2,0.8,-1.3609859054313682,0.29175691421514743,1.2022151984441387,0.7408349858987292,0.8810708670173468,1.3682539016946942,1.3198412018872054,1.847508727849932,1.3948014160635043
0.6,0.4,0.9,0.0,1.0,0.5,-0.010070669636754515,0.8818986429556424,0.9328603985174061,-0.5171208472740104,-0.9014827676188122,0.755466000270153,0.6486755367970779,3.0288712836885296,2.811441794934023
1.0,0.5,0.6,0.1,0.7,0.6,-0.12898214321712553,0.12041074364192642,-0.19612261990169144,1.2007942902437143,1.2089533588332557,1.0324913325630942,0.6893615069272818,2.2655340894357194,2.167060471648364
0.5,0.7,0.1,0.9,0.7,0.5,0.24650111470700933,1.6248124786573372,-1.9344075487097012,1.0114335563524273,0.9347745042536482,1.584352366051469,1.3473100609647706,1.3702969867849673,1.2060864874960944
0.6,0.7,0.6,1.0,0.7,0.5,-1.464252973893531,1.5875392901225205,-0.024927643446596856,1.2054380948065342,0.928347093917211,1.5068818664606656,1.3516503731073655,2.345991468548648,2.1600843339271876
0.6,0.8,0.7,0.4,0.2,1.0,-1.7631679637157045,-0.6088313898691283,1.433257797894091,1.9522902708488432,1.963912132445756,2.4858223659657845,2.35221259333443,1.9191689186329985,1.5899573843878811
0.4,0.0,0.0,0.3,0.5,0.9,0.2052106840143108,0.6505171720827,-1.8629664626257676,1.958810400295072,1.9342997380891211,2.7484158601609714,2.405882392634652,1.3136895925784249,0.7601820374172187
0.0,0.3,0.6,0.5,0.1,1.0,-1.7282116756324348,-0.941754596426666,0.506228915027776,2.9934440187275224,3.146696753403655,1.1681647411767506,1.134388555817816,1.3517319735237139,0.825899102750671
0.1,0.8,0.4,0.7,0.0,0.1,1.179978411912161,-0.8157669564696127,-0.20400768530613728,1.0471861849089,0.9437643536775142,2.1115599125692825,1.9977276090956104,0.44009452708890123,0.25912849293845863
0.7,0.1,0.5,0.4,1.0,0.5,0.13809217928176437,1.679799904131685,-1.4291580957277836,0.4710664174781921,0.24454905766740154,2.758441685177335,2.4478851450650434,2.5202785556806453,2.110800508553269
0.6,1.0,0.2,0.5,1.0,0.3,1.6484834555082615,0.605732627717398,-1.3861109653100772,0.08283860679150241,0.04206581429455826,2.454829899698736,2.167062185677124,1.6631901519652843,1.387256266811384
0.9,0.3,0.9,0.5,0.1,0.9,-0.13924055771175053,-0.19812447369293645,0.6662197430328678,0.5400700781421484,0.3242354605831056,1.264830409334186,0.8733260822833145,2.3800995199369965,2.1573256287650624
0.7,0.7,0.0,0.8,0.6,0.1,0.7568245580489146,0.8515423189780764,-1.5507417808511048,0.5021959633389876,0.6031204964687608,2.395165446513766,2.112726205391087,1.0714819820767971,0.8836213612543137
0.2,0.0,1.0,0.4,0.4,0.6,-0.39714689987642127,1.7049931845743014,-0.25046900699820646,-0.13083718933350133,-0.13380793983862904,1.8286473231312157,1.7716032400457642,1.6631236523924207,1.1994314750548718
0.1,0.0,0.9,0.4,0.9,0.3,-0.049443430946858685,1.602895223806214,-0.6617835731656333,-0.021340782176559173,-0.1335605374354128,2.19921944035832,2.20910343221227,2.00274450946478,1.6021391637287778
0.0,1.0,0.5,0.1,0.1,0.9,-1.0808475384530014,-1.127223745853024,0.26931326637757425,2.987252464400632,2.7858746889627812,1.8671516019471746,1.6694266199609018,1.3975642648284103,1.0007229916768166
0.6,1.0,0.0,0.2,0.8,1.0,-0.4913974791790746,0.14901674309050478,-1.4175746723994331,2.614741402489149,2.5722167687625,2.402566129430091,2.206233207855529,1.8730790131894683,1.3751511418153388
0.3,0.7,0.2,0.5,0.6,0.0,1.6129665168723273,0.8815238270454729,-1.5208509661237488,0.17329625364440487,0.24126545476373387,2.874238305797579,2.89998923944562,0.35681734952186617,0.11644470419298787
0.4,0.2,0.3,0.1,0.0,0.5,1.0438022850183368,-0.017073280650456615,-0.9592848877264882,0.6818712822404395,0.5082102092976453,1.3157664289246283,1.075639492511398,0.8219327122010283,0.5808872002676214
0.7,0.0,0.2,0.2,1.0,0.0,2.860218057802897,0.6541946822038569,-1.9449829997255703,-0.5954417559002876,-0.7808510089689024,3.213695965464024,3.0862880916094064,1.6723858860746144,1.382762819628544
0.9,0.5,0.1,0.1,0.6,0.3,1.9551741600151102,-0.336457072555284,-1.447287209514509,0.9234894725151128,0.736829981050197,1.289312362612774,1.1660281563678105,0.7474770558055877,0.40955618107930836
0.2,0.1,0.1,0.2,0.7,0.5,0.634795430464901,1.0405449827553364,-2.5161178603396297,1.7167199766735024,1.5500223242097082,1.9648212015621573,1.8483188455022452,0.948219361195999,0.6776899025967361
0.2,0.9,0.4,0.7,0.3,0.5,0.7345926946466554,-0.3373622932447777,-0.1693732330826734,0.8023035983557726,0.6456985920393002,1.5851373483703803,1.457287305664753,1.203486568122483,0.8273891068784119
0.0,0.2,0.1,0.4,0.9,0.4,0.9497415004811001,1.120177861651421,-2.346209996194602,1.3283641041308514,1.2396305499417748,2.3335165136528313,2.136981068408092,1.1696826574192736,0.7598734760165132
0.6,0.9,0.3,1.0,0.8,0.8,0.47403515158213155,0.7753586277465432,-1.133787738360898,0.8419047434018648,0.654525147262938,1.793598723257885,1.3301033985158148,2.0741147193866034,1.692684376905031
0.7,0.1,0.8,1.0,0.7,0.8,-1.6586003887037621,2.4989792961700332,-0.8536516171874331,0.7582224614425925,0.7035716651555575,0.8516666524726864,0.7344585407098221,2.4030267942793526,2.2997766676068045
0.9,0.2,0.2,0.5,1.0,0.5,2.084687075027225,1.5935611951290127,-2.333910536728924,-0.370841071216814,-0.4850401831711152,2.4080999946730812,2.3108950810765907,2.1125389969250827,2.009939590139174
0.3,0.5,0.9,1.0,0.2,0.7,-1.4230779507585138,1.668002193523172,0.438324511251667,0.5631404937862715,0.45507049431269725,0.30569116110605626,0.1730183664941981,1.8868697911736223,1.6236851663455187
0.4,0.1,0.6,0.9,0.8,0.1,-0.44714268619408587,1.9463529024535111,-1.4897813978135195,1.2561110430703668,0.9365951074276334,1.2729067816870367,0.9930878212918658,2.2426857589265965,1.8922929899152026
0.8,0.1,0.6,0.2,0.6,0.1,0.2766613685789808,0.5312350440889444,-0.5214391316616155,0.8499652912688672,0.6543513890172212,2.465903618405751,2.3151671121105863,1.8675129138202213,1.5743156690788684
0.8,0.3,0.7,0.0,0.7,0.0,0.3738806635126056,-0.506720158818929,0.4843463856590145,0.31370023751906706,0.08876391024322797,0.6416860370825315,0.5640819492715393,2.0365053526649404,1.8143424187609705
0.0,1.0,0.7,0.3,0.9,0.5,-1.2010505831117522,0.5370489975571081,0.1689650266938198,1.7235369399291183,1.474530179165682,2.7265726298595094,2.6841884500886843,2.266700485460342,1.7891045520162576
1.0,0.2,0.5,0.1,0.2,1.0,0.528552992195885,-0.38596127849917927,-0.635208267763295,1.328416884650094,1.4430396377330819,1.6048088622462382,1.472664185546823,2.247210756288189,1.8366665081601083
0.5,1.0,0.3,0.3,0.6,0.1,1.76982554401143,0.22320589649167008,-0.7202295406074796,0.30895529318761966,0.16055730155759393,2.6026476005158647,2.3721201586869007,0.9179176483368869,0.8332036768557215
0.8,0.1,0.8,0.6,0.4,0.6,-0.5103944953159882,1.6357030725247035,0.2245608919471214,-0.026233907809022627,-0.33583487656706645,1.638567102653726,1.2739600997968008,1.7852322885962584,1.6459764325663477
0.9,0.5,0.4,1.0,0.7,0.2,1.475799125997536,0.8158521591635799,-1.4602095831256996,0.22741827413656848,0.11622365777724283,0.5893842560601393,0.3752225373325589,1.9316028470071618,1.5806105523248848
0.0,0.2,0.0,0.5,0.9,1.0,-0.2524819297744759,1.3624793021948338,-2.578586235641204,2.6516826697596207,2.528455943377088,2.427901962299817,2.297461319315857,1.521352729507124,1.2476838997097406
0.4,0.1,0.4,0.5,0.2,0.9,-0.06680140737270841,1.0311215217783656,-1.1486750117015796,1.5815980491625334,1.4801405178716767,1.5778526173732708,1.4871413976177774,1.5334312427695895,1.220899087830508
0.3,0.1,0.5,1.0,0.1,0.1,0.21140019303007182,0.7506937014695225,-1.126882176242518,1.3670545890827437,1.2840895476558722,1.8517172448390664,1.59361858718718,1.626502278018783,1.4107662946261919
0.7,0.1,0.2,0.6,0.0,0.7,0.7905179849113858,0.5537702089922386,-1.560709355123605,1.2380131307211784,0.9726253387330831,1.3916449315797295,1.5141844942415852,0.5940331668014525,0.39123996688045026
0.7,0.4,0.3,0.2,0.7,0.8,0.6860682932406083,0.14022914032687134,-0.8300313388138644,0.6388777412138937,0.608667152092354,0.458821623551648,0.47104226307085584,1.4342579421148984,0.9539290793157443
0.5,0.2,0.4,0.9,0.2,0.2,1.179942459811035,0.7590526629500961,-0.9028930275494582,0.31049037482212916,-0.0069284690841312085,0.6038244604162712,0.5809854928463849,1.1505422778939924,1.042683819906653
0.3,0.5,0.9,0.6,0.4,0.9,-1.6708736938228659,1.5775203288053292,0.5405683654204343,0.6271245478238962,0.4149894580505213,0.37450010873529527,0.29316856983147466,1.7994629365814285,1.562590356070433
0.0,0.2,0.8,0.3,1.0,0.7,-1.113878251324229,2.3490556452320654,-0.26330166318485526,0.553698632721324,0.44970120109814554,1.9511794619022382,1.7176327161070382,2.0084616373546185,1.5837600615159138
0.3,0.9,0.2,0.3,0.8,0.8,0.6786234161648858,0.09167840020215241,-1.1734646237053563,1.6506286173426072,1.5849298488734922,2.2316882823867763,2.0867016856720038,1.0896176471675973,0.7067294131871061
0.0,0.2,0.6,1.0,0.8,0.3,-1.0443550929985066,1.3104304353798562,-0.9441975537470653,1.3709741966796656,1.5959198683920426,0.7983902295734394,0.5779858948884575,1.6286835686876797,1.40586297393719
0.6,1.0,0.4,0.9,0.7,0.6,0.02708703100729528,1.3713566507088553,-1.0380810452975915,0.8402640060897801,0.7343808001950461,1.1036403119849767,1.0843135531179844,1.8266507658131284,1.610043139334029
0.3,0.2,0.9,1.0,0.1,0.5,-0.9922399013234159,1.5186621678425376,0.010954849639542266,0.2743995987899075,0.26474770948880616,1.306559215953432,0.9647968182046645,1.9384090959607074,1.833332202272629
0.5,1.0,0.6,0.9,0.4,0.6,-1.45593941315789,0.5375152730602213,0.7880449272304809,1.3072349179932656,1.3549047447527662,1.114768066649448,0.9932638510915429,1.7167366775996389,1.459862804783096
0.7,0.8,0.5,0.7,0.2,1.0,-0.8217223900011064,-0.607924922750584,0.6628462726509676,1.8868743925769298,1.5583844293967046,2.1317154937512424,1.9473708590211882,1.8284900440994019,1.589454627369587
0.5,0.3,0.4,0.5,0.9,1.0,0.004759187816834959,1.1103661215381415,-1.2873636790761331,1.1228534012168427,1.0573309523600807,1.3855643228799928,1.3087150380444608,2.0330761662692076,1.8329030486632027
0.2,0.4,0.0,1.0,1.0,0.3,1.0749206449462205,0.7527427311960717,-1.9451046238969294,1.0580776070021871,1.0642687162445061,1.1219077098668049,0.9735724703450723,1.4835457056566639,1.0268302587134095
1.0,0.5,0.2,1.0,0.6,0.2,2.531816787743826,0.567130065715449,-1.9658569360049278,-0.04255811555104875,-0.040983665473990114,1.2274388908552345,1.0880772492836204,1.682303142334941,1.222330451030094
0.8,0.0,0.2,0.6,0.4,0.8,1.6186442783586166,0.4170066003768475,-1.39968995703488,0.19098267068128397,0.23918964992485556,1.530967411771604,1.4360988166747335,1.2513104889859221,0.7535904218984628
0.4,0.3,0.4,0.9,0.8,0.3,1.073251864695133,0.9380933336654879,-1.4388667836340232,0.47883094270996485,0.39669031919822184,-0.013876473140335369,-0.20161691132750578,1.4879951068551414,1.1914504216729145
0.5,0.2,0.0,0.7,0.9,0.8,-0.41206099283100595,1.8938719898898588,-2.6181601000260994,1.6110860099627746,1.5443732731710578,1.537227371452874,1.347520898201771,1.6892740691315522,1.3134750770368508
0.1,0.4,0.6,0.1,0.6,0.9,-1.716059367981228,-0.303985624497882,0.5725849858863282,2.2515195299024247,2.195987029175217,0.7218340976551507,0.5647284166789479,1.6699589800249701,1.2860340879456957
0.3,0.4,0.3,0.7,0.3,0.8,0.6771988385707264,0.17388802799103936,-0.6866816217629231,0.7294168134900545,0.354931987141086,-0.5211702607925334,-0.32251995885517437,0.7624930515863222,0.661302446396516
1.0,0.3,0.4,0.4,0.4,1.0,1.3418059382322933,-0.1300863715020701,-1.011961592031013,0.46144822334709257,0.320517291994487,1.5327617981490205,1.1741698590191922,1.4905852767941696,1.357792878300196
0.6,0.3,0.0,0.4,1.0,0.6,0.9254507148819967,0.9419673102664234,-1.4715226559685406,0.907915353089704,0.8967082359469515,2.160061359930096,1.8871085607837592,1.9440400649697476,1.6012207298243544
1.0,0.4,0.9,0.3,0.0,0.6,0.5423186673828636,-0.6597556528837549,0.9854555587198534,0.12554516587066186,-0.0825912347006228,1.1367387024753353,1.0230655377190945,1.8554270699930304,1.7267359515803686
0.2,0.9,0.2,0.9,0.0,1.0,0.06840563573244396,-0.8402110326688239,-0.7698217067334259,2.6064403503553497,2.627105376977922,1.7836850869814818,1.641833043988225,0.7635033796094088,0.5646897620885492
0.1,0.2,0.4,0.6,0.0,0.6,0.22981025339881953,0.7103616473810559,-1.0476302659214523,1.4775948871158042,1.4288977725422076,1.166113289329975,1.1616659354891092,0.46176655375360826,0.0943121370750348
0.0,0.0,1.0,0.2,0.6,0.4,-0.17969906687271348,1.0377783411057324,-0.46123433583270484,0.40787077516156134,0.1529089712808196,2.171564791988957,1.9454812862041129,1.5041343548650832,1.1160534594411604
1.0,1.0,0.1,0.5,0.8,0.2,2.455216691011963,-0.3193268974280711,-1.9397691630342098,0.7544262321232338,0.7096826957194871,2.4381737278215687,2.224427594054578,1.5508761011424887,1.1049098148128562
0.2,0.6,0.5,0.1,0.2,0.7,-1.1807268515056535,0.5847920176271995,-0.04350439822808093,1.5612358136308688,1.489100743457575,0.978344895578517,1.117873841413937,1.0437293518089632,0.825941443555056
0.6,0.7,0.4,0.5,0.7,0.2,0.9117120841864057,1.269997225923873,-1.1792857375406325,0.12017922021619994,-0.05584673413312888,1.8312272786063521,1.6446356199916525,1.025706883913331,0.9839193413584244
0.3,0.7,0.4,0.1,0.5,1.0,-0.3539785261685392,0.952421950366229,-0.65117956155327,1.2629460891922046,1.143696582763535,2.0451701853373008,2.2255181357216243,1.4764761425241884,0.9188312294080944
0.8,0.3,1.0,0.1,0.0,0.8,-0.3156084827809685,-0.2675453610215718,0.9628852995889015,0.5020375292831393,0.4505574053542515,0.41967760843724367,0.13555304294515116,1.7463219760046191,1.4806865256443622
0.8,0.4,0.4,0.2,0.6,0.8,0.8000068791398555,-0.06007827398801296,-0.4146440799621557,0.8125910896240303,0.7381769606856059,0.972615549342985,0.9285512304046522,1.641839102961715,1.0783014110040317
0.5,0.7,0.7,1.0,0.9,0.7,-2.1648009175374616,2.492159779240676,-0.07986285301821855,0.8624248836891969,0.6323958507368123,1.723147136128506,1.6099123289586956,2.8096886831805445,2.3158142566868674
1.0,1.0,1.0,0.8,0.8,0.9,-0.23102251606452734,1.536809804260474,-0.8849893832774804,0.4244929215454333,0.17938726165324076,1.2868255030115567,1.2407178842808895,3.195680150312615,2.8067473501513622
0.4,0.9,0.6,0.2,0.3,1.0,-1.4082517794124259,-1.0889745368317796,1.213050665875822,2.314898051665895,2.28727266455042,2.0391058912387714,1.9111647609610884,1.585615894407453,1.3801022712114006
0.4,0.3,0.5,0.2,0.6,0.9,-0.8911681279173091,0.23018668095453815,-0.28373210969310175,1.8854989350400224,1.590759663355239,0.9770773977075832,0.7172906137159585,1.544952214655278,1.2954595930837085
0.6,0.0,0.4,0.7,0.3,0.7,0.7544188302491571,0.5941674600235327,-0.8757315360909403,0.2907086824596166,0.15447357880009477,0.9023933105761129,0.5993783120958069,1.0510983730035854,0.8015010369839713
0.6,0.5,0.0,0.2,1.0,0.9,-0.3236021106592596,0.8272010770135942,-1.5954119993192326,1.5787191861993857,1.6823483163279447,1.96244437948146,1.6542300044617706,2.1282139867683076,1.9089301668689043
0.9,0.3,0.2,0.5,0.1,0.7,1.9026511226641438,-0.5053028860762714,-0.9702869441886399,0.8500724795823729,0.5848689035039785,1.4489277800275888,1.1554488281513158,0.7675736254121179,0.7530684483221708
0.9,0.8,0.7,0.3,0.1,0.7,-0.353879427352385,-1.0452683176145927,1.4403363388732429,1.28244133794307,1.3191611212424301,2.715020380360582,2.8561143857783255,1.4756203474786271,1.5035375250962653
0.3,0.7,0.9,0.3,0.8,1.0,-1.724158762235975,2.0477891881808326,-0.20583376312563678,0.8987697369832083,0.8834650971020308,1.9673756121060684,1.968589908070845,2.4299062778105336,2.141850054567263
0.7,0.4,0.9,0.8,0.9,1.0,-0.9771049738697732,1.4276599970377708,0.09004763236009425,0.3816751223779824,0.5909814390142848,0.5311434683442131,0.4584732878654207,3.087377267918808,2.80270486708786
0.5,0.6,0.0,0.3,0.3,0.5,0.07197612919606955,0.5820207900545182,-0.9485718261970155,1.227372426577046,1.2456032905352663,1.940039421803629,1.7858645370621644,0.9131040167615121,0.8010791557581475
0.1,0.8,1.0,0.5,0.2,0.3,0.05431491085949591,-0.04336226812404771,0.7734342623539731,0.05510454499798237,0.06231913566509581,2.1909368587937887,1.9305663450855872,1.1125025040330654,0.7263005914168935
1.0,0.3,0.7,0.6,0.8,0.7,-0.14340542284972202,0.40553754407964093,-0.21125311976916555,0.7087422041277118,0.6608476310528696,0.8334469210465113,0.42874458773229507,2.386880597843322,2.011040820254734
1.0,1.0,0.8,0.2,0.7,0.7,-0.16628115104669403,0.24741205774594646,0.06805507602541869,0.5951946766337276,0.4581991700649882,1.8219959602080003,1.6676884028721117,2.0791912113190643,1.8539126289373993
0.8,0.7,0.2,0.3,0.7,0.0,2.1153010049218586,0.49194367365879504,-1.5908509295297288,-0.16264600480809735,-0.29693910934866685,2.9609395861543457,2.7752117466658937,0.8027683324578694,0.8336334930533972
1.0,0.4,0.0,0.8,1.0,0.9,1.354986436223854,0.5599012384460089,-2.2360708372197897,1.1462026066076965,1.0415720136188846,1.3023944594309214,1.1833157038244362,2.4283749418867813,2.510488073061148
1.0,0.4,0.2,0.7,0.8,0.3,2.9675133264937474,-0.12655715785786587,-1.8512296790044553,0.008012357959514771,-0.004379582477910093,0.3450122412560224,0.30937152661747214,1.4247138208744463,1.0407707028466193
0.4,0.0,0.7,1.0,0.7,0.9,-2.013512132882921,1.5175779737865447,-0.6642679947842022,1.6878345380008026,1.7705593394315864,0.8611817048725294,0.9339951764628115,2.7988414990552664,2.5389965106889494
0.8,0.7,0.1,0.4,0.8,0.3,1.3273851192068225,0.7133804055297094,-1.690273683425594,0.5308615227762732,0.5705097657584591,2.442819731312859,2.188780202040669,0.9413512966299804,0.8677184316328248
0.9,0.4,0.2,0.9,0.0,0.1,2.867880139745265,-1.3244738073845048,-1.1185832592875606,0.467073554237056,0.42488688427280885,0.8298245116418063,0.5413790541541107,0.9894355813907314,0.8226452068600295
0.2,1.0,0.8,0.3,0.6,0.9,-1.9659759451461576,0.6573970189128812,0.5117056674725655,1.5509500083094607,1.5218249139542759,2.146466860661713,1.7033353858754081,1.9225974347231398,1.6371209011089374
0.7,0.8,0.6,0.9,0.9,0.9,-1.4422689248551852,0.6080269934151488,0.03397860764931221,1.7018859827859227,1.4461731707811145,2.011483772321276,1.8928199405094301,2.9905980489366013,2.7439114470961394
0.8,0.2,0.1,0.6,0.4,0.9,0.7510861906438592,0.8587924096479134,-1.6439501371676049,1.0637014220453729,1.1411343192098216,1.2439204898034488,1.1761873040897786,1.4664953344311518,0.9986173754631106
1.0,0.3,0.1,0.3,0.6,1.0,1.4021431221655787,-0.2674333275956441,-1.7656714735215389,1.4542604731177502,1.5228726145453484,2.099667269777071,1.7861496230983045,1.5645864182734674,1.2303512799475316
0.5,0.4,0.9,0.6,0.8,1.0,-1.5811064879997203,1.2960189771026662,-0.012198222085795019,1.0181916981826058,0.7276130515883421,0.4689908426946537,0.23327747407323543,2.382128062325223,2.277760976656996
0.4,0.0,1.0,0.3,0.9,0.3,0.40288065279740215,1.7073944098968594,-0.9602495766404326,-0.41864588660381674,-0.4424269872991453,2.38641664721638,2.0411988470912346,2.2741569167403233,1.814970261902802
0.8,0.2,0.8,0.7,0.4,0.6,-0.45664096549034877,1.422016784309897,0.26272246487463863,-0.40835527739969435,-0.26300103931462304,0.8415333051096848,0.6106178735254613,1.8321031446272755,1.6962535729936212
0.4,0.7,0.5,0.5,0.4,0.7,-0.9618579571523679,1.074472574305438,0.06164741816990851,0.8575298963872713,0.740396883244407,1.8843577276797232,1.4917950857144093,0.8034357976516352,0.48441792588537314
0.7,0.2,1.0,1.0,0.8,0.1,0.32415372900368555,2.748434121755131,-0.9223530225654102,-0.6435100951162345,-0.7908158829291148,1.178040531136001,0.9398363601896433,2.7428325363085593,2.7165799143618803
0.7,0.1,1.0,0.5,0.1,0.8,-1.0520927230207875,1.5483817110715439,-0.1417427673898148,0.6402345769888561,0.4131737221688361,1.6694135290976297,1.4920518322050484,1.9102094004111736,1.6462406623136057
0.1,0.2,0.2,0.0,1.0,0.3,1.7956574732746124,1.0103959215062925,-1.9007925457853385,0.09405304388676576,0.04254758706552914,1.3350920832977093,1.009771390174048,1.2421937284058953,1.0916371839863257
1.0,1.0,0.3,0.4,0.7,0.7,1.9422703856467558,0.38486558771186613,-1.658170302610034,0.6292811064950294,0.2422285472844256,2.057002122742232,2.0681401520718388,1.2896035965403334,1.1836165942794423
0.3,0.7,0.6,0.5,0.7,0.2,-1.157544612625914,0.8498413811281369,-0.17905788964780356,1.302092665473343,1.210594747448131,1.7519613999730697,1.4925469570683128,1.4155019435595952,0.9496964298322952
0.7,0.5,1.0,0.5,0.8,0.7,-1.3105644950143411,2.0827882301963987,-0.487270925123991,0.4043204310204317,0.2703336324975678,0.7440453284463664,0.48245926234617975,1.9976438728566026,1.706031027657622
0.1,0.4,1.0,0.2,0.1,0.4,-0.11311496472503015,-0.4139186642766765,0.9548928503471548,0.6734860086773553,0.6181657915072576,0.8853233009723704,0.9091791000142645,1.3171894012069278,1.070233995936789
0.7,0.6,0.4,0.1,0.3,0.0,1.3912455993166462,0.17680548741373947,-0.2588746751121712,-0.46997520148368394,-0.3529970057453628,1.602851701724761,1.3050398939239298,1.0634897653088986,0.8855455441524294
0.1,0.4,0.0,0.0,0.2,0.4,0.9332303805887726,-1.3021215970045301,-0.3541109766021,1.914463199224794,1.7331470359910037,0.7162428417488027,0.6479335174359916,0.6244762607528614,0.29084462886370216
1.0,0.8,0.7,0.3,0.1,1.0,-0.4809458472580451,-1.2887132042162877,1.0045587149844175,1.7798309290397687,1.74957656067431,3.3281136113379706,3.0693134875667103,2.2570635224060416,1.8403686389147356
0.0,0.5,1.0,0.7,0.1,1.0,-1.8383323036804613,0.8702088466725961,0.17968462042781344,2.0050177515144276,1.9633374055860573,0.8521435406696232,0.6459468675090823,1.781350207344261,1.3718852552120646
0.4,0.8,0.4,0.2,0.1,0.3,1.2046118957090675,-1.2729936968776305,0.10971142502250487,0.6662662718759294,0.5968198972917643,2.4805296269125794,2.537997246220275,0.6888366653246687,0.31020118092458343
0.1,0.7,0.7,0.0,0.7,0.2,-0.9882791643413923,0.6819374884072986,0.17989489056308838,0.9440882433871851,0.9621377725842973,1.1135033810893782,0.8610666586702239,1.5557434999249553,1.3602128467416734
1.0,0.3,0.4,0.0,0.4,0.4,2.890528322649546,-0.8218786321362934,-0.4019600827736679,-0.48803825585731,-0.908184621924109,0.659343476630179,0.1876279090928211,1.4574304157128155,1.179571674249071
0.4,0.4,0.2,0.2,0.4,0.3,2.068702337727922,-0.711476410375649,-0.48793526308489876,0.24988562666294284,0.18770642173461638,0.5260231384383731,0.39921202304939574,0.2810146192272328,-0.0739959571776821
0.0,0.2,0.3,0.5,0.1,0.0,1.7889100101240465,-0.005664338481923194,-1.347115720379128,0.7451195492105556,0.6183396608407944,2.2763257676242983,2.2169578203404003,0.10416458026797405,0.023072845201295905
0.9,0.3,0.8,0.6,0.7,0.0,1.0154734450914598,0.31257915081717835,0.053480724359932286,-0.4708656312192613,-0.41879206503561883,1.3892985216475726,1.0524974820368915,2.0311850130217732,1.7593476345379608
0.8,0.0,0.4,0.8,0.8,0.3,1.7875849201922565,1.1130192465524273,-1.9330863829592642,0.15922699632303955,-0.1150782954194246,1.1347717811750841,0.972610077426097,1.7498160067291115,1.283471855794344
1.0,0.1,0.2,1.0,0.7,0.6,1.8766271264732115,1.6820690354531993,-3.050521883947652,0.23760297940560324,0.3666817029685766,1.6720563750808977,1.5327536723620752,2.1710103430109937,1.709794315429906
0.7,0.3,0.0,0.3,0.3,0.3,1.6801296823492302,-0.8912168279739761,-0.6305860437898643,0.7028598559504332,0.7552341546377779,1.1763580243624976,1.11207078765197,0.4943486767953267,0.10617242361801832
0.1,0.2,0.0,0.3,0.7,0.5,0.17483679957310924,1.2314824232305899,-2.164715209835054,1.8899346837885802,1.9014673268291253,2.0142126511625698,1.7135242196780336,0.931781661948083,0.49503262815925286
0.8,0.0,0.4,0.1,0.4,1.0,1.097431508459488,0.2465057659116694,-0.8036348515307841,0.7647701893377546,0.5754212459627633,1.7965217561718683,1.4915599166146492,1.8385648329314375,1.2938271167806945
0.6,0.8,0.8,0.0,0.0,0.6,-0.6995992267878446,-0.9124247363579627,1.912553696555471,0.6499662410112657,0.7214168262060932,1.7369371910610416,1.5684615993485682,1.7744309927429118,1.4268020555380325
0.6,0.8,0.9,0.3,0.9,1.0,-1.1751642863713316,1.0300256675721156,0.5600277748656614,0.3729429119591071,0.4848401614532929,3.103843359362535,2.816934288116557,2.8040746860908867,2.6612983310463334
0.7,0.1,0.0,0.3,0.1,0.9,-0.08278491075242311,0.09616051872608171,-1.4214409616691517,2.310246207466574,2.4133730198065777,2.724278979117484,2.656433950686985,1.2880275723370687,1.2660853183841105
0.3,0.9,0.3,0.2,0.6,0.1,2.00076851029442,-0.5697279392631054,-0.899957190547046,0.4213060759791526,0.15669781713875372,2.8128318788651594,2.6087379439097327,0.9681723706669665,0.5478970347044284
0.7,0.3,0.7,0.0,0.3,0.3,0.1636149959683675,-1.0654787493600577,1.5055243679297716,0.1970752025812138,0.33434993587722595,-0.24481978047532563,-0.4741403171725412,1.5332376770615332,1.404406555787823
0.8,0.9,0.0,0.9,0.5,0.3,1.349937731653971,-0.53759260720034,-1.0271893030129178,0.9676749775673387,0.8341023074814315,2.5297046432966335,2.2153743315958367,0.8357918218047756,0.5212303966343264
0.4,0.4,1.0,0.0,0.8,0.8,-1.159959647120341,1.2372548970623791,0.16507727385574306,0.41615930374322363,0.31060826289950344,-0.316649088866773,-0.35137842075282594,2.5775195632468773,2.3055135685071653
0.7,0.8,1.0,0.3,0.2,1.0,-1.013092926038221,0.15294150656029293,1.0645676224486615,0.7789967099567751,0.6005993811759135,2.4935193460882723,2.535798727066227,2.0622713712068457,2.204818966969317
0.3,0.1,0.9,0.9,0.4,0.5,-0.4624714923547168,2.3493272054869605,-0.36157556682105885,-0.31679579888323006,-0.38798248090018295,1.0829047280565463,0.6583643205817481,1.9108956137495092,1.7980263177317841
0.9,0.4,0.8,0.6,0.5,0.0,1.0741452851061946,-0.23951651767429905,0.5575306316739556,-0.5091483176193234,-0.6874415216686578,1.6392402755708633,1.447364165311485,1.6612737205352028,1.323118395606863
0.8,0.6,0.6,0.8,0.6,1.0,-2.0233475311651383,1.4564661704032769,-0.4180944646724992,1.8700052835365237,1.988645848170163,1.2744148878708403,1.0768927369553198,2.229311961497871,1.7174679636659003
0.4,0.0,0.4,0.5,0.4,0.9,0.651134966460349,1.175796868459275,-1.2486020400582856,1.0175583007590556,0.8431153978839561,1.6350448926849157,1.4440352719745801,1.434114301139659,0.9598590693466428
0.2,0.0,0.2,0.3,0.6,0.8,0.8691516360653619,0.9591107140367494,-2.191736821599386,1.3977383792011722,1.216646273412145,2.0924260490997635,1.9554357862195322,0.8605360616998138,0.4808573587446319
0.7,0.2,0.1,0.3,0.1,0.2,1.756052293780533,-0.7870598306570069,-1.1664536603815747,1.1771562540148954,1.0412408995630362,2.1756540862740112,1.8758156678558509,0.7131407747622525,0.2874746994041931
0.2,0.3,0.9,0.2,0.6,1.0,-1.2614845994497916,0.9708333126213904,0.3689469641067249,1.1051520071357166,0.9513219570488483,1.0845883407214398,0.8709921278498834,1.857199570385532,1.5567274654920067
0.2,0.9,0.1,0.1,0.5,0.4,1.239287204534258,-0.8765988736768346,-0.514239819751355,1.3176052531487525,1.2817784509865249,2.8773229426281484,2.251652925571189,0.484649676184201,0.3454015393304557
0.8,0.4,0.7,0.2,0.3,0.0,0.7051203262634748,-1.267784872482199,1.505629192550408,0.3698450681776946,0.025478725171438055,1.2546920209823595,0.8394133004194537,1.5579154825098882,1.295422182529868
0.5,0.8,0.2,0.9,0.4,0.0,2.0442915553658016,-0.04911518798751449,-0.6787641779868345,-0.26375901917548333,-0.5561955381286909,2.2625652247507535,2.16511418449953,0.5438115180719922,0.29547005424136746
0.0,0.3,0.4,0.9,0.6,0.7,0.08690659567596895,1.1642205774420602,-1.219219585822405,1.1009842155235394,1.176826033261051,0.48917802251278114,0.21616311316279732,0.6957659283951163,0.6555088901675883
0.6,0.8,0.0,0.8,0.0,0.5,0.4266266120213029,-0.9356864435763786,-0.4137879666472213,1.7462087824650148,1.779695826592378,2.317647418290499,2.39674952277876,0.8380708894617362,0.6316517857531613
0.2,0.0,0.8,0.6,0.1,0.9,-1.4663079070160632,0.5433303060500523,0.17001952931263137,1.684181892213753,1.5837908001012218,1.7095727751724954,1.2800501553036316,1.9671362875906944,1.6197966444691607
0.5,0.0,0.0,0.8,0.1,0.3,1.2866190064185052,-0.39824549585443997,-1.518650208772618,1.5605978200730426,1.4722411335265768,1.8733930512684673,1.6642803284940029,0.598036991099522,0.32623825786977045
0.7,0.5,0.1,0.2,0.6,0.3,1.3015604283505908,-0.06556967846134705,-1.1093121198940128,1.2187145913629847,0.9373922218450722,1.621882946852713,1.2407462522106312,0.7052510650549206,0.3762490307169527
0.2,0.1,0.8,0.6,0.5,1.0,-1.841422702478095,1.9278804400897802,-0.23935620859701667,1.2055988440693508,1.3949810293034801,1.849898329227863,1.6569028102507661,1.92940927988516,1.5868367003919635
0.9,0.1,0.5,0.1,1.0,0.6,0.5290649738544706,1.6420023121063874,-1.4925154830207308,0.2713873239841743,0.19417601643117333,2.2463567225541867,1.9938227891690075,2.7390092965151998,2.4379102489817326
0.3,0.0,0.5,0.7,0.3,0.2,0.648763797614088,0.1325178509097638,-0.6487936192252448,0.6892005678104152,0.6135333431322959,1.0910690210694358,0.7646034488624776,1.2466999090811874,0.750717616539118
0.9,0.4,0.4,0.4,0.9,0.9,1.2062013319859735,0.421369747403203,-1.1654467273217866,0.7156351119588753,0.6462140984338813,1.4045205644919578,1.3594225173301357,2.5186729708652953,2.293408854782228
0.9,0.4,0.8,0.1,0.6,0.6,0.056590883735183076,-0.04944986493541102,0.6967824640498695,0.17010106800915975,-0.14383126200301677,0.9452024943320804,0.8123156108755042,2.2707138215484997,1.934185536424197
0.7,0.2,0.4,0.5,0.7,0.3,0.9437444488026292,1.0433791797696907,-1.4040787402935269,0.30409400480291526,0.18719545388153547,1.175919822864874,1.005822819529366,1.155420878095789,0.6794516625646267
0.7,0.1,0.6,0.7,0.9,0.4,-0.5955973984797219,1.5644816639161832,-0.7951387168096645,1.0485689769824182,0.7474056190962284,1.8223881903431824,1.6656574039383585,2.3680965537827525,2.017675836951548
1.0,0.8,0.7,0.0,0.4,0.1,1.2257930334492717,-1.1643983061739043,1.180508686025094,-0.08612820800903859,-0.15303062186269123,2.0993380126701315,1.9858067745276538,2.068432482854019,1.6740896847951396
0.9,0.7,0.8,0.6,0.9,0.1,0.24834835947563721,1.644978670719643,-0.1919628032363566,-0.6667323305046114,-0.9830608649254614,2.641816447191776,2.42904624347138,2.6462639864685205,2.414404541081144
0.8,0.3,0.4,0.7,0.2,0.2,2.004318807936209,-0.7025575976599512,-0.453071465836261,0.020085696888314644,-0.26863037983673477,0.772009584949592,0.4950234203091256,1.2034163633548312,0.7363265329963196
0.6,0.1,0.2,0.2,0.1,0.5,1.041243418337756,0.020726949446207663,-1.2803022936778592,0.7601056763408864,0.930379650897734,2.4942086180867826,2.2880682831099812,1.075965864197782,0.9311357260218489
0.5,0.2,0.3,0.3,0.3,0.0,2.1302370949952065,0.42228484449612647,-1.015467703758548,-0.19428030185912676,-0.7230793827618195,1.804308187245786,1.4407514597239413,0.6763301443471952,0.33734829641074005
0.5,0.3,0.1,0.0,0.6,0.4,1.691836047053576,-0.32065264167069857,-1.1584566357549133,0.7905314225209776,0.9938134545500356,0.5326498714745638,0.6625215488901178,0.8836709650273149,0.6508445228160334
0.3,0.1,1.0,0.5,0.5,0.9,-1.409947884556056,2.4430178144625714,-0.8804266443779174,0.6436833080462988,0.7248729600710075,1.884517675140914,1.5393797131598796,1.9346035980170015,1.5563025611993007
1.0,0.0,0.6,1.0,0.7,1.0,-0.37663120104389425,0.7334147456289243,-1.3568962795091488,2.0561261270325666,1.6531158630195288,1.7652211907479105,1.4587115980373804,3.0695183437912954,2.6869770600806855
0.8,0.2,0.8,0.5,0.0,0.8,-1.041301534496609,0.4357178768301384,0.6920268001748866,1.1591161788073328,0.9746921597935226,1.2788487205145918,1.053438735326015,1.738629823863834,1.4497869750656576
1.0,0.2,1.0,0.8,0.9,0.4,0.7815754635485836,2.4810804291228106,-1.485531721139914,-0.8666322095086126,-0.88482477411506,1.2543014216085484,1.2706655941553953,3.058221518823815,2.674894395543373
0.1,0.2,0.1,0.6,0.5,0.0,1.556847918931706,0.669183660127083,-2.193403502186694,0.8521917857771857,0.621691990042414,2.235106797774864,1.977567156890908,0.1331620682777226,-0.27194031313735884
0.6,0.1,0.0,0.1,0.3,1.0,-0.12455415042431467,0.6557656980411131,-1.391460442904312,2.025388062682856,2.0705765879061095,1.8180699048035747,1.7091808396184973,1.3802233019048582,1.077888970008256
0.5,0.4,0.7,0.6,0.4,0.2,-0.2723603028791836,-0.23040986716151204,1.1354778806251717,0.5239415871344402,0.6321385261039053,0.04319424438700742,-0.011972780337564215,1.3491086102406564,0.8821664470256572
0.9,0.3,0.2,0.8,1.0,0.4,2.6269046966758465,0.8217340377800116,-1.8956046678651282,-0.4823927773891814,-0.7159169893078969,1.2311569718234527,0.9804341523949965,1.9693006436171507,1.6698962913528523
0.2,0.5,0.1,1.0,0.2,0.5,0.43021446712804723,0.13670663965252106,-1.3416887664277553,1.4797053623048693,1.5180831729492545,0.9328620465022582,0.8274938306482756,1.309779964476102,0.7857489199767085
0.3,0.3,0.3,0.2,1.0,0.8,1.0930837707854693,1.1803798158970904,-1.4442689722001514,0.15630232047407688,0.13386849317257743,1.5113557945082978,1.0727358194082537,1.9475855693128865,1.3609114284113157
0.1,0.9,0.6,0.4,0.3,0.4,-0.5415059862263604,-1.2044537733697718,1.15784404334447,1.7664805793100136,1.6321243578804074,2.2940431353199107,1.7910436249237234,0.8403408335669332,0.6794160818155183
0.8,0.3,0.8,0.7,0.1,0.3,0.5637062620473053,-0.6122661033943956,1.0998512038841404,0.40726436065445404,0.21938860446957964,0.8702019051653513,0.2807310420723954,1.429435587603141,1.0405255229557782
0.4,0.0,0.2,0.3,0.4,0.2,2.2264107436187994,0.15443125544850222,-1.5352472750664061,0.07554753419728488,-0.024907527588721595,1.9541810122380685,1.8749901400714846,0.4791292554181153,0.16002385659827806
0.0,1.0,1.0,0.5,0.8,0.7,-1.3514791809819657,1.9145567793488225,-0.2748567762136048,1.0523536796384605,1.0609574178175087,1.763688288903844,1.5195179725600367,1.6308443645869954,1.0855693571076737
0.8,0.8,0.4,0.6,0.3,0.4,1.6787310054404043,-0.5345318896856348,0.04399388791866268,-0.16566704154030004,-0.4194116585842744,1.9553204107892934,1.8830132153651304,1.2210588475733788,0.7919751034915038
0.5,0.1,0.4,0.5,0.2,0.4,0.874881745288754,0.6011339198879118,-1.2856163116732304,0.5926922298773504,0.6242146263873924,1.9483069830859212,1.5359583344305048,1.0711659562632827,0.5289435108888826
0.0,0.8,0.3,0.7,0.0,0.3,1.2396463344928232,-1.008932385957352,-0.37321496666040277,0.957962323828474,0.9239295606698582,1.8099516560679063,1.763898054656899,-0.10590828776339382,-0.3758252389925909
0.5,0.5,0.8,0.2,0.1,0.9,-1.7006888717866677,0.05988198710211885,1.0913729334729505,1.6185345522765164,1.4041938761180042,1.1205415920511566,1.0254500320720874,2.1214135529350586,1.804574713004081
0.3,0.1,0.2,0.8,0.9,0.9,0.2816362710216428,2.546583018332255,-2.850082159177147,1.26939987467211,1.1089169719999383,1.6098174734519481,1.3821069370497845,2.1484226976606604,1.8561432930371438
0.9,1.0,0.0,1.0,0.1,0.0,1.838254426740376,-1.0342681479602627,-1.2623592644096666,1.4728061420314724,1.2512822129652104,2.75801079571006,2.8629526781381758,1.0907977853904414,0.8952430600092225
0.3,0.1,0.0,0.6,1.0,0.3,0.7692354066458882,1.5978523514926974,-2.621914820145818,1.138289882026839,1.0944205617474092,2.3842424263493105,1.9762571751522937,1.3870471546766587,0.5986416711888467
0.5,1.0,1.0,0.5,0.1,0.4,-0.4872434103667779,0.05057989074714539,0.6987861817472154,0.36149755889869767,0.3435509773745521,1.9653448023305884,1.9474466918625863,1.4314875515139591,1.2752606617668596
0.9,0.4,0.0,0.7,0.7,0.5,1.3834170612622463,0.05159431659217101,-1.6938244914436937,1.4677593344830848,1.1348863364104675,1.0377822285883826,0.701513841601571,1.489680622799227,1.2068593830948613
1.0,0.4,0.3,0.7,0.5,0.0,3.2962619805096223,-0.5108766121018126,-1.2062380602221519,-0.7252043778454753,-0.905847444906762,1.6668135284659678,1.2124261646536876,0.9712677279458083,0.7510344721794171
0.9,0.7,0.0,0.8,0.7,0.7,0.37014119385252664,1.400168900481688,-1.75705473268446,1.3172390024683027,1.0811339391685275,1.8608413990113342,1.4809702359768988,1.4109124219671934,0.9762548181810452
0.4,0.1,0.5,0.0,0.2,0.3,0.3229153526975041,0.02727313058498973,-0.3983497338301488,0.821041938307524,0.698970332932103,0.8946175333078753,0.7491558055693981,1.2168035925899843,0.8350429742400907
0.7,0.7,0.7,0.0,0.2,0.5,-1.045497041127111,-0.16490727538962685,1.4240692976559808,0.6300829677205239,0.37445502983293166,1.5678241092855367,1.2108870336457656,2.425557120618689,1.8928548241352625
0.6,0.2,1.0,0.3,0.8,0.5,-0.4837948166191379,2.1803520586652185,-0.5424466029716914,-0.09727297565274041,-0.28827793437555344,1.5391756186732215,1.3475701919868939,2.5858286733429265,2.1461353117576456
0.1,0.2,0.6,1.0,0.5,1.0,-2.048742254034945,1.5091068158232184,-0.6970171621857258,2.274894478868353,2.224767357944572,1.3499124680585244,1.1266378738123979,2.0325007330115548,1.4774292553444839
0.5,0.6,0.8,0.2,0.7,0.2,-0.7685286839728988,1.3099857302597873,0.1622904388607479,0.3942622310543663,0.4564509143336326,1.1618586545238625,0.9005709843074691,1.7801726310195047,1.4277558167150755
0.9,0.6,0.4,0.1,0.7,0.8,0.4971653066543767,1.3062309257732818,-1.3937580519233312,0.8415911790356262,0.7294016842083836,0.9655730960367921,1.1991969318307014,1.8162291415420013,1.4583819257173587
0.9,0.7,0.9,0.4,0.7,0.7,-0.671694769028802,2.070814548038327,0.056034325737606853,-0.2189752864772202,-0.5225879144476756,2.0231057254063294,1.7195215819547531,2.0873398355744404,1.8197833557476095
0.5,0.6,1.0,0.6,0.1,0.3,-1.13178939636688,1.2341061535387081,0.12957303993500746,0.30347322193104087,0.19473897366388213,1.1473808998159436,1.0608793984267397,1.3391091796029915,1.0323882793252854
1.0,0.0,0.7,0.8,0.2,0.0,1.5902350732136172,-0.38013268967460107,-0.2700647669217594,0.17287322686470832,0.0816117638178045,2.0947323536809686,1.8774921883476239,2.125440846837149,1.9234217722443923
0.3,0.4,0.7,0.6,0.1,0.8,-1.4980458043849953,-0.5615310306273542,0.9643138802378641,2.1754759283681153,2.0406997706799452,0.6070253058169182,0.2545097729212295,1.3088568249539574,0.9451032009763863
1.0,0.8,0.9,0.0,0.6,0.0,1.7678428052696407,-0.08185819010289053,0.5385033223084644,-1.1062170496810322,-1.1903963208001995,2.7483072626155156,2.7184235136173647,2.277563545780714,1.8555393544575796
0.7,0.4,0.6,0.1,0.2,0.6,-0.7206995236292852,-1.2210366610387573,1.4177116676739192,1.2925698165516961,1.181367400211236,0.6235572802328518,0.339802376921524,1.834328006188702,1.6161365049870409
0.3,1.0,0.2,0.0,0.5,0.1,1.8258803037637794,-0.34721703301681467,-0.8091771473714754,0.48105020328012416,0.2516338821830212,1.7029422309101796,1.737405852306094,1.0013884194360627,0.6895152204112365
0.9,1.0,0.6,0.8,0.9,0.2,0.4218510650953845,0.44129749332947954,-0.40887061894629534,0.8768494151834928,0.621698347272901,1.7707977501740018,1.664649872170353,2.4585471881153276,2.1000740754276843
0.6,0.9,0.6,0.1,0.0,0.6,-0.7917884741896518,-1.848904334740024,1.782539194250714,1.9717721056900392,1.962060135637222,1.9701212063185805,1.7985789230012428,1.4896693555556928,1.0016084402097725
0.5,0.4,0.5,0.8,0.4,0.6,-0.16671140679083363,0.21742277121960712,0.3166852297133106,0.9557198427614688,0.8899104865299895,-0.10512794401154675,-0.24144479188701948,1.4272912045374901,1.1468924280092427
0.0,0.5,0.6,0.7,0.5,0.9,-2.2274801549077363,0.7036197111705251,0.07107973629901938,2.44135182040474,2.3360688078347427,0.876179740636807,0.5423718195248127,1.3779213421774599,1.3040637297882731
0.0,0.4,0.0,0.6,0.9,0.4,0.7388146274018009,0.042746836004780436,-1.6788155966525322,1.7808831239961227,1.6690781109055834,1.5985769225005262,1.141080089082974,0.9918270883850607,0.5686096840255161
0.4,0.0,0.5,0.5,0.1,0.0,0.943413243218664,-0.4179754314517141,-0.8164740616772668,1.181563051810773,1.0967943554381714,2.629456252494236,2.330089320760001,1.0323970312910016,0.6930589656678111
0.5,0.5,0.5,0.0,0.6,0.0,0.2922083037400702,-0.02340051951172125,0.00022927876681266834,0.9033536882254973,0.7974301393351886,1.0324420244385628,0.9649029514572569,1.4299335244100544,1.1793118400750133
0.1,0.3,0.7,0.6,0.0,0.6,-1.3006332069493094,-0.42048816721100873,0.941263174732062,1.938797194139466,1.850472101767964,0.6360271128760434,0.38416234474415917,1.0575981876725227,0.7422542980166703
0.9,0.5,1.0,0.1,0.7,0.4,0.3226384294655206,0.9497531392746896,-0.07621423180830504,-0.07902231744619898,-0.19625838018963365,0.9921254421295824,0.653833680288552,2.1293532528070624,1.8607236843190345
0.7,0.6,0.2,0.0,1.0,0.5,1.2987614948013473,1.5668530376188459,-1.4751276127869584,-0.19336260266976135,-0.3207188840100682,1.7496505678013767,1.6436024658283301,2.2182607038559166,1.9455279038490347
0.4,0.8,0.2,0.6,0.8,1.0,0.29384088877209485,0.6260359095217144,-1.5561604158883933,1.6696806624536733,1.335109167896734,2.335477414146109,2.0639470727845053,1.7504656170311697,1.5108834539738685
0.1,0.8,0.3,0.9,0.7,0.6,0.38511792973112563,1.0523528109669091,-1.37625495328603,0.7318958397713666,0.5347420255594031,1.624407929613364,1.3408002402607724,1.1750325413597562,0.9907338555864222
0.5,0.6,0.9,0.0,0.2,0.1,-0.2066462739490629,0.9780728440162005,1.1343662426074244,-0.5532385034951696,-0.5649674861352458,1.183121379482198,0.9125040081694661,2.050494543181607,1.6176865535143583
0.6,0.4,0.6,0.3,0.6,0.0,0.10680494871728546,-0.8957576226418169,0.789821904247354,0.9686703761248106,0.8617776657859115,1.6628359394677912,1.3616068413552855,1.25640017132817,1.0364473650230241
0.2,0.9,0.2,0.7,1.0,0.4,1.7748110886723798,0.3010254389089998,-1.6113265709108133,0.5584093579865878,0.49779750764883923,2.4431783399353555,2.311686188594359,1.6108258437659293,1.0890228860297269
0.1,1.0,0.2,0.6,0.2,0.9,0.2571370102614068,-0.1780311292478186,-0.826603143835622,1.9530437190074115,1.9335789092821964,1.668959871453831,1.3210823168696637,0.9957792881337282,0.7027396598634473
0.0,0.7,0.5,0.8,0.4,0.9,-1.4869233168638256,1.096613441976466,-0.2835314389131614,1.5081385417345468,1.6878137264372173,1.2783279208277487,1.0781911776401327,1.2535521934116998,0.8473291867701859
0.1,0.2,0.8,0.7,0.8,0.2,-0.6308320244016222,1.787951848331118,-0.5279322797830884,0.5383297309289499,0.4471900735358644,0.9086004230234512,0.4905169469167049,1.799009391724827,1.426557005069594
0.6,0.2,0.9,0.2,1.0,0.2,0.3041529817668753,1.911191587343286,-0.32734558587109414,-1.0996205500362266,-1.1227856403651273,1.9456197011874752,1.6925043840099907,2.7890962399549952,2.3651762191722767
0.0,0.7,0.1,0.1,0.1,0.4,0.6231737876628496,-0.6937273107885098,-0.6591204060637628,1.9359697437930143,1.7811133760937843,2.581970884425622,2.4761655463194745,0.3687919106626243,0.06614462854264339
0.1,0.0,0.5,0.0,0.4,0.1,1.1021312951005409,-0.28120894004961716,-0.3772261662689709,0.4994148464003356,0.4521315274262547,1.4195841085812695,1.1764942108901912,1.3601648876483872,0.79374994864741
0.9,0.5,0.3,0.0,0.7,0.0,2.3818088305709018,-0.1631920535174264,-1.4024107674828419,-0.32681210335642213,-0.37800064273448014,1.0815914082636908,0.830908892732796,1.3685895035788593,1.1344679187271192
0.8,0.0,0.5,0.0,0.4,0.4,1.2084736988450224,-0.358484765669666,-0.07957402139073172,0.24428600870085568,0.21592424819918032,1.1776580813884328,1.0179043381900423,1.4813543934310596,1.2466209631594494
1.0,0.6,0.7,0.9,0.2,0.2,0.06269139948142192,0.32706134350653715,0.045842521303131725,0.26449848702921686,0.4440265653072317,1.394531793356674,1.127049269186734,2.1675916886761444,1.6517565669178933
0.4,0.9,0.2,0.3,0.0,0.2,1.9877567914616365,-1.8394726212597812,-0.37021620403693256,1.3199559633886717,1.2238774538840242,2.6732396606789774,2.5258793090392158,0.28894490686972923,-0.10712954222065209
0.6,0.0,0.5,0.1,0.6,0.2,0.8689145152390456,-0.1301536748185379,-0.5575198217118391,0.5630772710719542,0.6630829682191076,1.901678550348566,1.549016402794475,1.5369827126384523,1.227170721790003
0.5,0.0,0.9,0.1,0.1,0.3,0.429395126602092,-0.0962724783372699,0.8072882763976048,-0.008913240834352347,0.048702906315415614,1.772226627618379,1.4466289508841614,1.5849796866337416,1.248956531085954
0.9,1.0,0.9,0.5,1.0,0.9,-0.2993792109897995,1.552183705484866,-0.0633319309758642,-0.058359860651383995,-0.053457465016061134,2.4930889455079943,2.4851341903522703,3.1782467411906206,3.1805825035827233
0.6,0.7,0.6,0.7,0.6,0.7,-1.814645013745669,1.4317764634178847,0.165598148530313,1.2380493141175535,1.2145370155610788,1.5601196182988648,1.219047567286625,1.5038378776710666,1.204649402613828
0.7,0.2,0.9,0.9,0.0,0.4,-0.3295721557787951,0.9344873766489877,0.5234834615914785,-0.030172173612053377,-0.07889798568299666,0.6263345310517618,0.49991345268069914,1.8896099557742518,1.5309404744979722
0.4,0.9,0.9,0.4,0.1,0.5,-0.4644726814641681,-0.6067436887679201,1.4776366349404055,0.8094973955634496,0.6282822381345756,2.62527745580861,2.6448531042025043,1.765139367214775,1.3530155547949876
0.9,0.9,1.0,0.6,0.2,0.0,1.4986731030767548,-0.5572664846855981,0.5777733624720482,-0.4829378273584954,-0.5722781335804334,2.7146246640899006,2.630627048881798,1.9292617407667234,1.4875805911697644
1.0,0.2,0.3,0.9,0.8,0.8,1.810225407623085,1.8635345393253668,-2.443825049733163,0.2299133200456806,0.18581955365246572,1.0323514828364166,0.6289490564895749,2.2634643779031953,1.7695864345090138
1.0,0.4,0.8,0.2,0.6,0.4,0.9139107875228163,-0.4295458717055335,0.683912168164768,-0.2467076461644302,-0.15505543944915542,1.3442341594391611,0.9840569473918187,1.8602749730522992,1.7057064848721284
0.6,0.4,0.5,0.7,0.0,0.5,-0.25038568247908044,-0.9854083273603144,0.4499907254593836,1.5143288049770076,1.3974179750121731,0.3574754798233293,0.17509407440588212,1.078642020296653,0.7776461656410302
0.5,0.3,0.8,0.2,0.0,0.5,-0.4950907359798473,-0.7164593657032909,1.439888665955656,0.8265524743673227,0.7100005527235311,0.9867919276787332,0.8243037114284713,1.4975960361143004,1.3265688726388478
0.3,0.8,1.0,0.8,0.5,0.8,-1.1684773600439575,1.7377693225077235,0.3685600193728284,0.23405066203810987,0.17213947829858273,1.6727659865731732,1.3805677467924893,1.7301176910031046,1.4391761475156126
0.7,0.4,0.9,0.5,0.5,0.0,0.6721594376419711,0.25783367080446606,1.0296794613536076,-0.924374923985641,-0.7313251750577145,1.6231838698739214,1.4699443707186353,1.551294515842719,1.184645681373327
0.7,0.1,0.4,0.4,0.8,0.2,1.2450704894117242,1.315286365664146,-1.8181385137779484,0.2957987766669484,-0.12408282942796306,2.1069161707839377,1.707388754858053,1.4897807291438574,1.3121148815313441
0.2,0.6,0.7,0.1,0.5,0.3,-1.3041781702234887,0.8005238286452157,0.45436729088924854,0.926477717777766,0.8330853418563766,1.4436923796092571,1.214039746348887,0.9662153502176817,0.48599881104925036
0.8,0.4,0.0,0.4,0.0,1.0,0.24410429041197754,-1.429188241282909,-0.5595579631105979,2.680331116486642,2.698010549047917,1.5932766106883485,1.5672470279809019,1.0790272719569503,0.697767018779263
0.5,0.9,0.7,1.0,1.0,0.9,-1.7914403614924759,0.9481942399838335,0.2129931342145891,1.3762881583846243,1.1267108096424598,2.3122367103991692,2.1504237196681806,3.328230834940518,3.0250464329773696
0.5,0.9,1.0,0.5,0.9,0.7,-0.8731655496431061,1.4195204927863183,0.17552959651517824,0.4509550356366826,0.20254176874830124,2.4516273700017908,2.391789041909857,2.1784054845180147,2.095259727264601
0.2,0.4,0.2,0.9,0.4,0.0,2.1817486675316466,0.03061514529504153,-1.1333196960384613,0.08750402324669035,-0.01551556074126112,0.8745423703176775,0.48356741127326897,0.5242248785957089,0.0465552411210924
0.5,0.3,0.9,0.7,0.4,0.6,-0.5089320896826047,1.271493638446171,0.7233172991343659,-0.5549971819125598,-0.4306767259763924,0.2982232856351156,0.06039552480222408,1.6321708325799487,1.392865103580015
0.0,0.0,0.4,0.1,0.3,0.4,1.3927019653049917,-0.22968631962769592,-0.6145325621952273,0.6542647835411138,0.5378592387786298,1.4363952099936521,1.2477990888914794,0.7777953241175246,0.5007450452004366
0.1,0.6,0.3,0.2,0.4,0.2,1.2450140217058698,0.8661902020118835,-0.9983324989577843,-0.0913635016317392,0.0034799289564267297,1.670600910466438,1.3054734793455172,0.3928678674879616,-0.047897633403354
1.0,0.6,0.7,0.1,0.0,0.0,0.5212581679036722,-0.8385606990882639,0.5404264881255655,0.6602503998664873,0.5806926344914903,2.0554386780209133,1.9104192035037162,1.5021705211489575,1.2855252651331823
0.8,1.0,0.5,0.2,0.9,0.7,-0.16743282690617456,0.3872898566566514,-0.43066307762091044,0.9740433114522392,1.082899944760681,2.432782576216731,1.994231863106264,1.9585879861384399,1.907270188630012
0.5,0.5,0.7,0.2,0.0,0.8,-2.00968180666161,-0.44050785072972565,0.9859981249437126,2.3402168063088147,2.2960612049171005,0.6827579828552304,0.3539133680768575,1.4994801347213684,1.0494434576915386
0.3,0.2,0.7,1.0,0.8,0.3,-1.060232710532992,2.029285625570099,-0.9026631833258956,1.084848617451315,0.8002087486675326,0.7110689528043317,0.3788985003150443,1.9151687857611854,1.9381625557495008
0.5,0.0,0.6,0.0,0.8,0.1,0.21095374708461473,0.08346289526282502,-0.5119680215247443,0.9055016935211913,0.9959356270022959,1.3682190928483062,1.0663469063863145,2.4547255165420836,1.8966333439565957
0.9,0.6,0.3,0.4,0.8,0.7,0.8597167978418037,1.768399816577807,-1.8788884672547401,0.29505204613092173,-0.05124876476143539,1.507038124823396,1.637581535131532,1.3719616095510752,1.2697211058928488
0.5,0.9,0.5,0.2,0.0,0.6,-0.3832101217968353,-1.7108658366236227,0.8556241992197207,1.9269380210661784,1.8665998559806092,2.4575891821707585,2.0287077364086015,1.0361035758789767,0.8652450579768511
0.0,0.6,0.4,0.5,0.9,0.5,-0.2102064169370279,1.8235023917212585,-1.6451067507013624,0.9616470673821411,0.5634344195726706,2.1538243123874117,2.083010554268497,1.6243023580427909,1.3132400271562374
0.2,0.0,0.6,0.9,0.2,0.0,0.06284637495599228,-0.13824267792006262,-0.22443293194545846,1.300195992345754,1.1209933570271424,1.5247616364750507,1.4265879605302985,1.2969913071611159,1.1883684917658346
0.2,0.9,0.0,0.7,0.9,0.5,0.545941343954073,0.4619989931470051,-1.4522044988629763,1.7009831099219144,1.7235030897829977,2.778688196383945,2.4770405486862224,1.6088685628345223,1.3297851633875575
0.4,0.2,0.9,0.9,0.3,1.0,-1.5115427371352685,2.1559641255528015,0.06863391776683192,0.5069369297376612,0.39404206755060456,0.43906357754199815,0.24872786536635672,2.252346975951335,2.000481345930291
0.7,0.4,0.3,0.4,0.4,0.9,1.1202910468610483,0.03324692976651977,-0.2667355613938962,0.6052935458096421,0.4015002296776373,0.7915752639239771,0.7776629116807755,1.4914498481071752,0.8747753736455964
0.7,0.4,0.5,0.9,0.9,0.7,-0.2130679554938194,0.8669083747091311,-0.6088500217249954,0.944902823862406,0.9263423493916111,0.4899074788235126,0.212046393075929,2.389469460394133,2.0481327712887687
0.3,0.0,0.2,0.1,0.4,0.4,2.0328982488910015,-0.09983773601678567,-1.2804905046006017,0.16127649221704998,-0.015073611761167838,1.5971647329158234,1.619770724307536,0.7291828411681659,0.3514519240926677
0.3,0.9,0.3,0.5,0.6,1.0,0.3059095952572443,0.01735305505691372,-0.9890422965154237,1.6800619385790865,1.5003446235403448,2.5270798429132975,2.4522866731055286,1.1827267676760789,0.7271745435812309
0.8,0.9,0.2,0.8,0.3,0.3,2.3653343155132367,-0.9805574584499767,-0.5519630850384298,0.29816477103093664,-0.05425206386282996,1.4518584924768037,1.456513490616074,0.7947253068408753,0.3877133471074387
0.2,0.6,0.9,0.8,0.7,0.6,-1.9277317382647845,2.8043731463388912,-0.33642845719052406,0.4275767286720926,0.28415176782140517,0.6187159351341484,0.4435488105283649,2.1232954355302764,1.6514258402603783
0.6,0.5,0.7,0.4,0.2,0.4,-1.0639048701238698,-0.4540267230854218,1.210366102434673,1.1922246209299403,1.0234205125857465,1.0969598710426705,0.8580844925581343,1.4484906994147506,1.175060014667634
0.4,0.9,0.1,0.1,0.8,0.9,0.33411515852139007,-0.2182565618649907,-1.2475437308384456,2.102092173004945,2.264886283346678,2.428829434186954,1.9139737984000469,1.595217995433681,1.4224145066816973
1.0,0.6,0.3,0.5,0.0,0.4,2.1430460547918915,-0.25635435449082455,-1.1020253537851754,0.3590249343816188,0.3868130138819441,1.9726797988213323,1.7555780551748037,0.6642822516605034,0.48265056050333344
0.7,0.9,0.4,0.5,0.2,0.1,1.8652663133299812,-1.1483739469188763,0.25872157759059455,0.41787781087959824,0.15529071369808872,2.6365500048662227,2.252735284455384,1.0787256518865773,0.8280841671083895
0.9,1.0,0.8,0.5,0.0,0.2,0.30936731276923063,-1.1136893456847208,0.9097386815073178,0.656585294472111,0.4252998763476153,2.0101717842452804,1.659249186530526,1.456493680748466,1.147106758701044
0.9,0.4,0.0,0.9,0.3,0.4,1.7482802898258663,-0.6380387901831865,-1.0223833088576308,0.8332023092701233,0.6379033407801743,0.5580708866286768,0.3011126239095852,1.3785411647256625,1.0045811706054864
0.0,0.2,0.4,0.1,0.6,0.0,1.5709492299247776,0.4665991799875983,-1.263818665845383,0.5797032742105646,0.5009710066059085,2.005407422863915,1.8114877904458313,0.5840428326798182,0.4086295770185543
0.8,0.7,0.0,0.1,0.3,0.7,0.4657102812707535,0.2899437328000758,-0.5841415990077155,1.1311371827922045,0.8765490362691714,2.0957470084351804,1.7425532440717086,0.8579129470677931,0.6585263238457041
0.1,0.9,0.3,0.1,0.1,0.6,1.0195407898693727,-1.311258415179903,-0.08372275386077446,1.2775016030907558,1.4019249115586063,2.3905937665371297,2.2970764104172314,0.5461771956427802,0.5396418912710873
0.7,0.8,0.1,0.1,0.8,0.2,1.8639325556046735,-0.41175472292619913,-1.0772196968732062,0.5553827732266621,0.5785036490055796,2.6639985253157663,2.2114804032864024,1.4033935617202196,1.0387747416240145
0.0,0.2,0.2,0.8,0.6,1.0,0.021970807383557903,1.3442417931787163,-2.3042759321389363,1.962464720255292,1.963706092583902,1.4366722362111446,0.8416418132673201,1.0262295934266996,0.5979249103864734
0.7,0.1,0.8,0.9,0.2,0.2,-0.22050561988591116,1.0722640890584896,0.28939395484780006,0.09144842428191528,-0.32037195675437824,0.9655550250140632,0.7712595208141253,2.0144689729040226,1.7898622635098778
0.3,0.5,0.2,0.2,0.3,0.8,0.48858604587842414,0.27019739356506356,-0.8527349845698631,1.2198002046146619,0.8975835127063679,0.533557038988113,0.24226629059060634,0.6571956250621716,0.47417663168424834
0.7,0.4,0.1,0.5,0.9,0.1,1.838813264991854,-0.13686254608971526,-1.530252699129963,0.4734105544107041,0.41519274068998996,1.784384298711736,1.5679745198381725,1.615384880398178,1.308400582138666
0.7,0.1,0.9,0.9,0.0,0.6,-1.0041210455703824,1.3034423321259734,0.007544379586411187,0.3675186268014541,0.17785339682057366,1.049611775693964,1.0180317826752192,1.779124261536866,1.8162808686424692
0.7,0.0,0.8,1.0,0.8,0.5,-0.4364652686964371,1.9031619407816607,-0.46361524904806445,0.1355201317173042,-0.006951005870110313,1.6693069380095733,1.2406074194843046,3.1708498186912752,2.8971153763097623
0.6,0.0,0.3,0.6,0.4,1.0,0.8559968478369294,0.6391028707508488,-1.028248175238355,0.73646334246932,0.6000097727460978,1.599740148803012,1.3734358731197513,1.4023410224234174,1.163584804855415
0.9,0.3,0.5,0.5,0.4,0.2,1.7543583558225613,-0.5908679745540771,-0.23093681712319167,-0.03233495312757776,-0.026231690209522415,1.0264084845486294,0.773922789612443,1.0983754488484747,0.8672985795185615
0.7,1.0,0.1,0.8,0.5,0.5,1.0102817071402022,0.09732485743337657,-1.1435924728748763,1.0616349328285333,0.7899521831604472,1.830064116815809,1.8585897455285434,1.2829523238977123,0.9342521609803274
1.0,0.7,0.8,0.8,1.0,0.7,-0.41157954190046897,2.2644428973543285,-0.2387766154667142,-0.7569800880029747,-0.685593646752553,2.0314898053890014,1.9089741680075336,2.8389063461153143,2.491817463873174
0.3,1.0,0.9,0.0,0.9,0.4,-0.27223336586988606,1.0048870407038626,0.3689050028694031,-0.15845991152868008,-0.06683075884835327,1.6659217826664143,1.285097914534313,2.4693099423564364,2.0856129801098025
0.8,0.3,0.8,0.2,0.8,0.8,-0.588437907326427,0.6982465307577629,0.4000137934986263,0.5697570653165712,0.4302481336883034,0.6851437690242435,0.5761940700024029,2.6945407584065433,2.1474074091927053
0.5,0.7,0.1,0.2,0.6,0.8,0.12098975409176563,0.9473781385881026,-1.3368915987056467,1.4282129873737834,1.413556831452661,2.2454271941126933,2.1108886337302524,1.099724655923239,0.5917266112123256
0.4,0.0,0.2,0.8,0.5,0.4,1.8260713603399097,1.0635102612777705,-2.07009784234553,0.3188169807236711,-0.027975663191869837,1.4515713270397996,1.4101906497312904,0.9509479609433893,0.46303546904377946
0.7,0.9,0.6,0.8,0.9,1.0,-1.2698935243654936,0.1447521646813138,0.16936728911425525,2.1249357892035983,2.141137946825782,2.193081424447175,2.127889102373483,2.7490816753488083,2.4496706302657065
0.4,0.8,0.9,0.1,0.2,0.7,-0.7897136267478742,0.037019510411279904,1.3578011256271234,0.20913746399855293,0.07186272194353518,1.7537379679754916,1.7753323396237461,1.606892926103096,1.3883951489798727
0.3,0.8,0.6,0.1,0.6,0.1,-0.29448412309930605,-0.6001310585781581,0.7334728227514135,1.2290985348270238,0.894517919138365,2.4660652076493537,2.269351854096088,1.427497862509914,1.2700296565226161
0.9,0.9,0.7,0.5,0.8,0.7,-0.6608710270086406,0.05109790683951518,0.2134821886510163,1.3741836976142288,1.3243574631895734,2.1915445427702545,2.0415917031377306,2.0563286072350557,1.7922514121603659
1.0,0.1,1.0,0.7,0.5,1.0,-0.2910866202712189,2.2300365853671327,-1.2779457055745524,0.43232196930047906,0.27659171232952545,1.8748495413185926,1.7180205499426215,2.3859080663139465,2.0446926395772644
0.9,0.1,0.0,1.0,0.2,0.8,0.7049915352981265,0.9859365813117973,-2.0885126495058737,1.6931911448646826,1.4546630765161186,1.8253350454095647,1.6414843014289908,1.8096369996409558,1.2602025795167906
0.7,0.7,0.6,1.0,0.4,0.0,-0.27054772407695155,0.9326140020877272,0.449818042913921,0.02896816105651677,0.15984124915478312,2.1109684262783412,2.0199064385380976,1.5942325617027326,1.4087907754365891
0.7,0.5,0.3,0.9,0.4,0.8,0.47953801223879156,1.1115542085829047,-0.7510689177072315,0.1432666326945543,0.09852624644170754,0.18048654205475925,-0.000627078106734763,1.2212913584096932,1.0451744264241105
0.7,0.0,0.6,0.1,0.7,0.2,0.4278907046110988,-0.11811389834672882,-0.27508386731749684,1.044789907866308,0.8978746315106199,1.4622258879937913,1.3549006807041735,1.8856174009609281,1.7102122170344787
0.4,0.0,0.4,0.3,0.5,0.3,1.599998609889283,0.3980136038016578,-1.3685443651493703,0.07201963658257854,0.28712548596648396,2.521742526844507,2.054920830773384,0.6727575646307034,0.3972297129551618
0.1,0.1,0.7,0.4,0.9,0.7,-1.770418739391085,2.0678417707427013,-0.8815211984580785,1.556369851890655,1.4786061395349872,2.246869148358222,1.866676120671554,2.0074071055500515,1.6390809315658375
0.9,0.3,0.3,0.8,0.4,0.7,1.8821502467404108,0.5179432370798409,-1.1148046991932623,-0.39769595623926646,-0.4949141170522499,0.4550065627663902,0.134921563891399,1.0799184497153211,0.7974295866880668
0.8,0.7,0.2,0.8,0.9,0.1,1.9766596004103225,1.3384390049169737,-1.8428199212827656,-0.5592095080815379,-0.621507025609392,2.290231104446783,2.27822709884997,1.9782002794005833,1.5698436672143095
0.8,0.5,0.5,0.6,0.9,0.7,-0.5160589425913872,1.3600831641398685,-0.8400576612812206,0.8745267154507353,1.1044448341820552,1.2621968927456426,0.9212876352110916,1.9958018084146345,1.6522862172284796
0.1,0.3,0.0,0.8,0.5,0.4,0.7631870162815292,0.20336359641900775,-1.5409920932721566,1.418435016995323,1.3254942294717074,1.20264856624554,0.9153654114200526,0.1873221776847852,0.058208096889710514
0.9,0.0,0.3,0.6,0.4,0.9,1.6309247126099533,0.58686679573971,-1.5854222887449245,0.24140698360357873,0.15973095666767329,1.729480061351844,1.362638564691494,1.7007654296900758,1.1507039149056406
0.8,0.9,0.2,0.3,1.0,0.9,1.3999742093743819,-0.11553796425078075,-1.1873685153021987,0.858057229755181,0.6868980930003494,3.27266837134556,3.007328135731983,2.367967832720062,1.846295903584766
0.0,0.6,1.0,0.7,0.3,0.9,-2.1448961578734123,2.199766546806636,-0.06894812001427454,1.047182276700225,0.6861652423274137,0.7356653053063387,0.4267004611150935,1.886744529073935,1.5509121387401552
0.3,0.7,0.5,0.8,0.2,0.8,-1.0046076830252975,0.8510897115491454,-0.21855434329905177,1.4148973186748144,1.557696872415289,1.1535244849592736,0.9091193023574022,1.1816708280275132,1.1381341581912667
0.2,0.7,0.5,0.3,0.1,0.2,-0.013852990397751938,-0.12612152677032554,0.10587787416995623,1.2066923703789914,1.1972601495531086,2.4291457344265073,2.1405383045555797,0.8777654975595688,0.6627173984171844
0.6,0.9,0.1,0.2,0.3,1.0,0.5831392647677391,-1.2911760398847505,-0.31674688134177026,2.0393147475608964,1.7951484464302923,2.4707826271544047,2.180588371704107,1.1338298741017068,0.937552107468981
0.0,0.6,0.2,0.7,0.1,0.9,-0.441510210136261,0.6003191348276022,-1.2859137164386352,2.09014076887484,1.9538003864321618,1.2745609969513156,1.5238692669729663,0.7309702551077863,0.5808789281276142
0.1,0.9,0.1,0.9,0.5,0.0,1.7332008953518894,-0.6787680545919135,-1.2716389172538138,1.2207846364651271,0.9768062008249947,2.953932212175089,2.6241377522702756,0.42144851054411087,0.23661753255971005
0.5,0.0,0.0,0.6,0.7,0.5,0.5093497777689605,0.7225688662836204,-2.0768578869491647,1.8525798135524973,1.5229687382080395,2.0450454891866507,1.7720721523640852,1.4044513236866296,1.091807481041561
0.5,0.7,0.0,0.7,0.1,0.2,0.6458573596369698,-0.16676240247539253,-1.0081771504232035,1.4484295427931366,1.4613193923315702,2.154492299928109,1.8561405096659418,0.6645552432016244,0.36336076794407096
0.4,0.0,0.8,0.8,0.3,0.8,-1.1123870413204482,1.1741998605474915,-0.0639432311569435,0.5781521334915902,0.5156390563225022,0.4340608692340899,0.28118144005171997,1.803033373019561,1.5791462717497706
0.3,0.2,0.0,0.3,0.3,0.4,0.7801105620343806,0.20020816834619998,-1.4488111835474122,1.2074938001903872,1.2819875653333592,1.7273458061661533,1.376438167010082,0.3236140688516944,0.24664706866905178
0.1,0.0,1.0,0.2,0.2,0.6,-0.36544116014312045,0.8996169410874636,-0.03793244857334624,0.27359043835411734,0.2512611214996607,1.9236437628065246,1.688014807766073,1.8081305629494513,1.392615781627222
0.7,0.4,0.1,0.0,0.1,0.2,2.030162935472252,-1.7415883894755049,-0.24857322144070995,1.1164727968125288,0.9064901199806259,0.8197098947800616,0.4255886307913259,0.9428659001299906,0.646766781638747
0.8,1.0,1.0,0.7,0.4,0.3,0.4800374128405317,0.5926529258621274,0.4722021589034258,-0.6760443635077944,-0.5055836375545093,1.2749087141901614,1.0415653236078173,1.418479325777203,1.3592872875553454
0.5,0.3,0.5,0.3,0.8,0.8,-0.589811966213587,0.8277650626656274,-0.48452492099748434,1.5738603822123955,1.3380220701577505,0.826496346850785,0.5718139029502193,1.6700811966361486,1.5141226023107606
0.5,0.9,0.8,1.0,0.4,1.0,-1.472858117964455,0.0743929171809109,0.7922298858789719,1.3298920426542435,1.2010271672803943,1.7489876741103594,1.5305850130225465,2.4694385721186185,2.037768720079573
0.1,0.4,0.5,0.3,0.7,0.6,-0.3909552429210216,0.266255397552452,-0.28055022782099387,1.6975209146369878,1.7285142037045598,0.7405388777750035,0.7268880503265019,1.2293641912653945,0.8146792132831391
0.0,0.7,0.9,0.6,0.7,0.8,-2.056782584007918,2.2324063661773708,-0.13182488563853956,0.8672374303650245,0.7446012479324964,1.3295475459998591,1.2097652016771676,1.682807660191119,1.3412286087374834
0.2,0.2,0.3,0.5,0.2,0.3,1.4823177638409286,0.48457274823714186,-1.1354098659155845,0.463958645356329,0.16763187302425636,1.2469696533538064,1.1122231036818655,0.16948967456402678,0.09361349403006416
0.2,0.1,0.0,1.0,1.0,0.2,0.8869683641055615,2.3491131851245863,-2.959008388597153,0.9295979261454361,0.8610466833207714,2.2110020044485696,2.151518005224085,1.9794264818422467,1.6939481520621735
0.3,1.0,0.6,0.9,0.4,0.7,-1.5864946440314163,0.5718348099404347,0.5236847504499904,1.6010524877106205,1.5117989516151513,0.765386104065158,0.7624484297641902,1.065914368674856,0.7811869647730789
0.9,0.9,0.7,0.0,1.0,1.0,-0.5501142583014331,-0.40303263573634535,0.47937326204756525,1.2189563880143337,1.2441134998426306,2.636307021710228,2.1097843574626225,3.42365066229995,3.100633578054823
0.3,0.2,0.9,0.6,0.3,0.5,-0.4739698720373864,1.5578247927358777,0.08524350216449056,-0.30885552121309723,-0.42273408659987644,0.7340899209852996,0.6324756928781675,1.744278121451537,1.4480708501953967
0.2,0.5,0.6,0.7,0.9,0.7,-1.747147072581903,1.3811537584003117,-0.48845710692668676,1.7403052104215504,1.544778922961073,0.6574507013417027,0.4248630841987404,1.8185511830580232,1.5415802817755913
0.1,0.1,0.6,0.7,0.3,0.1,-0.5456587955044632,0.5960644476091961,-0.4413640022998844,1.066712359648161,1.0703302692811105,1.0396062536738673,0.9087154061664767,1.1844570729985258,0.9618932639674348
1.0,0.1,0.7,0.2,0.5,0.5,0.4771525695276278,0.6004248446254087,-0.2595601715467811,0.40253762220583167,0.17700844442330615,2.481433893959778,2.4822217329080063,2.159570665093324,1.8013570360983313
0.4,0.3,0.6,0.1,0.1,1.0,-1.4121041352037889,-1.0961762173214036,0.8649546635573816,2.554281456490021,2.4949679031255587,0.7729035487466165,0.7630206042878946,1.903723498777125,1.5713339950474283
0.5,0.8,0.6,0.1,0.8,0.7,-1.2760452462480667,0.1369423659541927,0.5192131538632169,1.4355559559137714,1.4577711395539374,1.7342995680144115,1.5376176519223244,1.8628971847563875,1.6292892784595772
0.0,0.7,0.7,0.3,1.0,0.8,-1.9322159743343317,1.6829983853491468,0.08779970746411597,1.370389762662395,1.1101063921458807,2.571696212023394,2.3170884884592877,2.0506994195698334,1.9053803944452667
0.9,1.0,0.8,1.0,0.5,0.1,0.35363520061626436,0.6785569297866709,0.2403402461524126,-0.3096774100302484,-0.32655625159378654,2.3041425051872206,1.9767228017176042,2.547381012347854,2.0709503927033284
0.7,1.0,0.3,0.6,1.0,0.9,0.8627237795508843,1.228958637507574,-1.2878203425803254,0.46117020012268434,0.42261267538064407,2.222616019437066,1.9526567008606786,2.1859583525188024,2.0319780638603993
0.4,0.8,0.7,0.1,0.0,0.7,-1.4438440229306082,-1.0332539970687802,1.8285325971886053,1.789537654567538,1.5640067267434783,1.8220599098159391,1.5016400623701858,1.1596959192435006,0.900688387350658
0.1,0.1,0.0,0.6,1.0,0.0,1.0588935159062909,1.5348366188599807,-2.8395502931486587,1.0700107149890374,0.8325194106682328,2.986613955742494,2.9302194990428556,1.0228931855413115,0.7407223750551376
0.7,0.9,0.7,0.0,0.5,0.2,0.3013173088155624,-1.3002527252484477,1.5767600113450264,0.6477975378115468,0.536945490284945,1.876122819604551,1.7993520231632028,1.6669998824941674,1.492835145754105
0.8,1.0,0.2,0.0,0.2,0.7,1.2741304220559897,-0.8179245893966955,-0.3718774111936459,0.9287747643418862,0.47079341734917857,1.3375618575827621,1.160865958068327,1.3015118127603904,0.9458651098297379
0.6,0.0,0.1,0.5,0.7,0.0,2.0046147112164623,0.1648854788393323,-2.0303912815854948,0.9222458709925194,0.8260735478052158,2.596432665341673,2.273641925320539,0.8411436181781936,0.4967396942005843
1.0,0.8,0.5,0.7,0.8,0.8,0.4119375080768254,0.46056831144997123,-0.7818998527261981,1.044983285639156,1.0268033145311588,2.142026949895396,1.6880491263252488,2.2428456717070806,1.9223341562962466
0.8,0.4,0.3,0.3,0.0,0.0,2.471900664406836,-1.4649845953776577,-0.1327210064876282,0.22516877845283081,0.10480238779708662,1.734943978942156,1.5053976005226548,0.5111946954566023,0.11992211518692698
0.3,0.7,0.4,0.9,0.8,0.3,0.4170817813173446,1.782159023820103,-1.59072086791837,0.523269321841792,0.21255008690658453,1.2148835889983813,0.8666946938924619,1.3579227454454623,1.036343551983677
0.5,0.3,0.1,0.8,0.7,0.0,1.6512410175775003,0.3113492539402028,-1.6879673851871364,0.7586122166863036,0.5176133275566553,0.9309690163637471,0.6973802413513686,0.9562332637028323,0.5968201574427225
0.6,0.0,0.0,0.7,1.0,0.1,1.7841783893929362,1.0134300608364446,-2.24413798833918,0.5619119735740484,0.6009237462841927,2.4640398699318613,2.3918042380757045,1.9381419821943333,1.5346146726919394
1.0,0.8,0.7,0.5,0.8,0.3,0.6473432783083982,-0.28034865608723725,0.025517015147510286,0.5138004436125879,0.22462729950900487,2.5100947903210287,2.2387604153305585,2.0869745894724203,1.571659640607304
0.1,0.7,0.6,1.0,0.7,0.9,-2.3094217034709326,1.770416225789595,-0.5052637563824424,2.303369998144418,2.29719648189627,1.3582484925070188,1.1532033842120561,2.237235922216441,1.9159754735007222
1.0,0.0,0.0,1.0,0.7,0.5,1.7686269648505133,0.8138206630235706,-2.7811638792882096,1.09024661350644,0.9887177789014993,2.1982881844081854,1.9949163559264362,2.28004393696926,1.8380528830475524
0.5,0.0,0.1,0.6,0.3,0.0,1.8966535853294402,-0.03532067003528169,-1.6320145730698872,0.5974959082971387,0.38966475686340846,2.1506708438821396,1.8616194931240144,0.42401546707357907,0.11931420337427046
0.6,1.0,0.2,0.3,0.6,0.3,1.4717006278402949,-0.11599819451669235,-0.859525942284357,0.5349441507200803,0.32138167011275776,2.365056923007097,2.137372135293558,0.4937972736211776,0.3467124121375542
0.6,0.2,0.0,0.5,0.7,0.6,0.2797548965515848,1.2181910600417367,-1.958256944703307,1.6090660866651627,1.546491495892969,1.516201310406738,1.6960410422090613,0.9989006160595335,0.9030145800141449
0.2,0.5,0.5,0.1,0.4,0.0,0.4343496010094703,-0.20218318101106916,0.24361737231621303,0.5399333016004515,0.600937239009717,1.0793246376629337,0.8028731241007258,0.6025644263508728,0.28936409181602746
0.3,0.3,0.5,0.3,0.4,0.3,0.5455739339403389,-0.4567470730915444,0.06062891222601456,0.4828085243783275,0.45470580137092587,0.8800895865944791,0.6461477064819151,0.4839059929864508,0.23928206012292996
0.0,0.3,0.8,0.9,0.0,0.7,-1.5276504715675825,0.2426022072965849,0.787213813949622,1.4807008763858232,1.5123588710565723,0.1482316880861499,-0.04856411630186075,1.1953402519023069,0.7330498168232387
0.6,0.5,0.0,0.1,0.4,0.6,0.34569054936841426,0.2208519854976054,-0.6567772032875256,1.2480031024959066,1.1219509746461966,1.1736866591656998,1.0465668754339688,0.8340155384727516,0.44139065557420126
0.7,0.5,0.5,0.6,0.5,0.4,-0.041955253616447113,0.16764583793432158,0.03454309558985298,0.792159306055241,0.6112616152392839,1.1376284792602824,0.7010344440871502,1.0628419846195165,0.8050346144707679
0.4,0.0,0.8,0.1,0.3,1.0,-1.164080332403228,0.5437906896620148,0.47495588999178434,1.0665833029366198,1.0242389867171748,1.2819266531015925,0.8591063730519621,2.1565773534102877,1.9777865646005133
0.3,0.0,0.0,0.0,0.4,0.6,0.9117133368484409,0.23490375423320276,-1.3254291979028616,1.413259128172402,1.1347014094919525,1.5993603959679281,1.2562207838050488,0.9660178931772246,0.7501209248098335
0.6,1.0,0.3,0.4,0.9,0.6,0.8638279831596407,0.8339059643381214,-1.2204750320956557,0.17904469120851094,0.2692444987760524,2.639264816932747,2.3631575309002617,1.9169876148853269,1.529417646776356
0.7,0.8,0.7,0.3,0.3,0.1,-0.013951742944207396,-1.1610908578197567,1.668552350736628,0.2911591305790344,-0.009701961373088402,2.4611066334972427,2.1348014699814746,1.8924131815997598,1.267968340884047
0.2,0.2,0.3,0.5,0.7,0.0,1.637120987342057,1.1949734720237473,-2.1637323061850364,0.256244191269044,-0.03777888483445055,1.4555728831646775,1.6263899465285951,0.48213692987663503,0.274979753719819
0.1,0.5,0.5,0.7,0.9,0.2,-0.09095464006161398,0.6774433789532965,-0.9734818653872204,1.1778704481516942,1.2248974791798946,0.8767176154790659,0.6662654653183231,1.6069679505263936,1.450270823699824
0.7,0.8,0.6,1.0,0.3,0.2,0.0382397464481855,-0.4595270160250971,1.0360866412232737,0.35926307780910993,0.2926371982409707,1.7386662967263118,1.4234293787444865,1.7519640779166505,1.5731392681395011
0.5,0.9,1.0,0.2,0.6,0.5,-0.4583968451008612,0.41753386574359697,0.7819138083014044,0.17687109099715492,0.10913755060346508,2.581241683883237,2.365380136705422,1.9724287206613438,1.7858345583768194
0.4,0.6,0.9,0.6,0.0,0.9,-2.0315534921052123,1.329684502333737,0.7114365907723312,1.0973727766626724,1.1007770956858396,0.9149918651955837,0.9701520201824623,1.6595198822034285,1.4057550937389618
0.3,0.1,0.8,0.0,0.4,0.7,-0.9832912140607923,1.4282216448651996,0.26637273297167957,0.15621170840606144,0.4615797642741356,0.6450955705255812,0.5001496789658834,1.5789720192373486,1.1113045571068394
0.2,0.3,0.0,0.0,0.9,0.9,0.13214751469416663,0.5683363280650481,-1.7855607268750544,2.085396526950635,1.8975748060919575,0.9948384886248979,0.934509637603274,1.9190225475628955,1.542314824664859
0.0,0.9,1.0,0.4,0.6,0.6,-0.8445572452188297,0.6042178005713934,0.38233239581876555,0.9881758378801846,0.8545191833617986,2.7371513834518053,2.555051404005668,1.4353545276365842,1.2082508276564066
0.1,1.0,0.5,0.3,0.4,0.9,-1.0892486590873183,-0.10050981393199532,0.11539766262153708,2.033242162055015,2.0030113706021773,1.7698197880436082,1.3800618673773364,1.1990836990881202,0.8024178906806357
0.6,0.9,0.9,0.1,0.3,0.5,-0.12340556538075668,-0.5223963287380797,1.7658833002640753,-0.1484566326094791,-0.32175321862088124,1.7434668953851276,1.5220601354989907,2.042099068997413,1.847390655470191
0.5,0.9,0.5,0.8,1.0,0.4,0.017352350069862965,0.4265836522678491,-0.3882769639777407,0.645261846685904,0.7260800709057584,2.1497629627820567,2.0028008960884116,2.123470787917873,2.008654113102321
0.7,0.8,1.0,0.1,0.6,1.0,-1.0221285730668819,0.6940846964818163,0.7469375451680115,0.5971775132030199,0.3558695404044899,2.445599870999904,2.1490276762106095,2.4378237422870876,2.3738845413818943
0.6,0.5,0.0,1.0,0.8,0.5,-0.12589985715865404,1.2893823466825185,-1.9797373673594871,1.4900096265051535,1.2365571508681907,1.2573715416347877,1.0005968957431124,2.0672985117040223,1.9363275925521686
0.9,0.8,0.7,0.6,0.1,0.7,-0.6568033763190354,-0.9328884973165631,1.1299509513353159,1.2944613620864842,1.1825041759651065,2.495374913699831,2.0838278461684583,1.7681812130063346,1.4564239861924322
1.0,0.8,0.3,0.3,0.8,0.4,2.7030445274715342,-0.2525334791834029,-1.3503594979120705,-0.05207380116480867,-0.36396682288409704,3.0338229946400315,2.6875948381533425,1.7244527306420476,1.3771329119659836
0.1,0.7,0.9,0.5,1.0,0.7,-1.3879445834566382,2.734938432719614,-0.2206741305312193,-0.27341408868361106,-0.35163520157919675,2.420497363497094,2.34286595564011,2.1012883882873274,1.7125491965649353
0.8,0.0,0.1,0.7,0.7,0.9,0.7297583284057145,0.9280878487951093,-2.237862427277663,1.8731009679214667,1.7780704246827819,1.4932589060523238,1.3458835244525826,1.7955809789394017,1.5113253367352681
0.8,0.6,0.2,0.2,1.0,0.0,2.1924087950325375,1.2768898270828304,-1.752221133999944,-0.702311995743864,-0.7281240438449759,2.938784320047273,2.6684981774169,1.539527329282622,1.3640414793468743
0.3,1.0,0.2,1.0,0.2,0.9,0.19372592366163716,0.3934953608920376,-1.01602008241433,1.697062821445319,1.649338914256445,1.460561164115241,1.102439055018501,1.584317551593547,1.3108988380243556
0.4,0.6,0.6,0.2,1.0,0.4,-1.0362735644244114,1.5877856608352987,-0.35150948526525133,0.8844128579898551,0.9627993272154749,2.021697592210603,1.7839273728944627,2.2878771626342567,1.80916108276557
0.0,0.2,0.8,0.7,1.0,0.3,-0.6605669867086275,2.0399917463583908,-0.5677015650605937,0.07364588232829201,0.024339036367522174,1.2541634755213653,1.0132431595776168,1.8632177796235532,1.6037406168269628
0.5,0.5,1.0,0.6,0.9,0.8,-1.6507243466746486,2.5390727969638753,-0.42009343132055216,0.5833908643249711,0.23018125702899356,0.7691246412052263,0.5415590053900758,2.388970722756595,2.111190447108949
0.3,0.2,0.5,0.4,0.6,0.3,0.05555191173398946,0.889413580451798,-0.918138665374538,1.0407215931332365,0.867328220556156,1.5561651526992075,1.330776566604242,0.7098988374707988,0.516114816888887
1.0,0.5,0.3,0.3,0.4,0.9,1.5815092758066582,-0.022799403696349474,-1.0185662978473435,0.19943499775269147,0.2667445693176229,1.3641025958850965,1.3062102539047222,1.6129070617406844,1.1071308313941606
0.5,0.3,0.0,0.9,0.4,0.1,1.437673549584131,0.13097097663084994,-0.9188692170567693,0.48848517298335764,0.7122087497131382,0.9995157765696923,0.6355680222334275,1.0660663824775962,0.47904475594326557
1.0,0.7,0.0,0.5,0.7,0.8,0.7670668091678539,0.7750273079173897,-2.029275340033908,1.5661192898405316,1.2457760561725753,2.505214324585613,2.124755969618936,1.391314263320026,1.0808637934976089
0.3,0.3,0.3,0.6,0.2,0.5,1.3679841563492856,-0.14227032369680345,-0.7011743883622755,0.5437987673937772,0.345682875949638,0.917158958607413,0.7100208527022128,1.093235045556638,0.7082956102648096
1.0,0.7,0.7,0.0,0.2,0.2,0.7867337026265545,-0.8733482456884929,0.9281824098785415,0.05149551897866181,-0.060076073133534094,1.6615995488549824,1.5800340481674147,2.16680535359004,1.955803258908465
0.2,0.2,1.0,0.2,0.5,0.8,-1.1619014807579513,2.131041474399409,-0.32058325278446004,0.37284413796448945,0.4113670239678604,1.3630127863142274,1.1577635566970301,1.339239508387996,1.1803479011086146
0.1,0.9,0.8,0.9,0.4,0.2,-0.4416049930817608,-0.07592403984134422,0.8533352453588577,0.5161259753746488,0.23140284084408433,1.3051008402500175,1.1689210914333825,1.215540480957041,1.1153875863697085
0.1,0.6,0.1,0.6,0.6,0.5,-0.04301324988454694,1.380146300093838,-1.956117819419713,1.7068842968154896,1.5360998142193734,1.790989307472565,1.6292929804116731,0.8862146910546358,0.28052090797904927
0.5,0.0,0.2,1.0,0.7,0.8,0.5723997718633357,1.7513271371180337,-2.4626463797448537,1.044592451525801,0.8836796730602979,0.9176571485337188,0.8522641252567036,1.6578359377555771,1.430796590079936
